Type Of Traveller,Seat Type,Route,Date Flown,Seat Comfort,Cabin Staff Service,Food & Beverages,Inflight Entertainment,Ground Service,Value For Money,Recommended,Wifi & Connectivity,Aircraft
Solo Leisure,Business Class,London to San Francisco,September 2022,3.0,1.0,1.0,4.0,2.0,2,no,,
Solo Leisure,Economy Class,London to Dallas,April 2023,1.0,1.0,3.0,3.0,1.0,1,no,1.0,
Business,Economy Class,London to Madrid,May 2023,4.0,3.0,1.0,,1.0,1,no,,
Solo Leisure,Economy Class,London to Belfast,May 2023,1.0,3.0,3.0,1.0,1.0,1,no,1.0,
Couple Leisure,Business Class,Los Angeles to London,May 2023,5.0,5.0,4.0,5.0,1.0,1,no,2.0,
Couple Leisure,Business Class,Atlanta to London,April 2023,4.0,3.0,1.0,2.0,1.0,1,no,1.0,
Couple Leisure,Business Class,,May 2023,,,,,,1,no,,
Solo Leisure,Business Class,Sydney to London via Singapore,May 2023,1.0,1.0,1.0,1.0,1.0,1,no,1.0,Boeing 787-9
Solo Leisure,Business Class,Heathrow to Faro,May 2023,1.0,1.0,1.0,1.0,1.0,1,no,1.0,
Business,Economy Class,London to Barcelona,May 2023,,,,,1.0,1,no,,
Business,Economy Class,New York to London,April 2023,4.0,3.0,3.0,3.0,1.0,1,no,4.0,
Couple Leisure,Business Class,Singapore to London,April 2023,4.0,2.0,1.0,5.0,3.0,1,no,1.0,Boeing 787
Couple Leisure,Economy Class,Sweden to Los Angeles via London,January 2023,3.0,3.0,3.0,2.0,3.0,1,no,,
Couple Leisure,Premium Economy,Seattle to Zagreb via London,April 2023,3.0,2.0,1.0,1.0,3.0,2,no,1.0,Boeing 777
Family Leisure,Premium Economy,"Bangalore to Toronto via London, ",April 2023,2.0,1.0,2.0,3.0,1.0,1,no,,Boeing 777
Family Leisure,Economy Class,London to Denver,February 2023,2.0,1.0,1.0,3.0,1.0,2,no,1.0,Dreamliner
Solo Leisure,Premium Economy,London to Hong Kong,April 2023,4.0,5.0,4.0,3.0,4.0,4,yes,,A350
Couple Leisure,Economy Class,Brussels to Los Angeles via London Heathrow,April 2023,1.0,4.0,1.0,3.0,1.0,1,no,1.0,
Couple Leisure,Economy Class,Copenhagen to London,April 2023,1.0,4.0,2.0,,2.0,2,no,,
Family Leisure,Economy Class,London to Denver,March 2023,2.0,5.0,2.0,3.0,4.0,1,no,1.0,
Solo Leisure,Economy Class,Hong Kong to London,April 2023,2.0,1.0,1.0,1.0,2.0,2,no,1.0,
Business,Business Class,Heathrow to Malaga,April 2023,3.0,3.0,4.0,,3.0,2,no,1.0,A320
Family Leisure,Economy Class,Santorini to Gatwick,March 2023,4.0,4.0,,1.0,3.0,1,no,3.0,
Solo Leisure,Economy Class,Madrid to Belfast via London,January 2023,3.0,3.0,2.0,,1.0,1,no,,
Business,Economy Class,Dublin to London,April 2023,1.0,1.0,1.0,1.0,1.0,1,no,1.0,
Couple Leisure,Business Class,London to Venice,March 2023,1.0,2.0,2.0,1.0,2.0,2,no,,
Couple Leisure,Economy Class,Las Vegas to London,April 2023,1.0,1.0,1.0,4.0,4.0,1,no,1.0,A350
Solo Leisure,Business Class,Faro to Heathrow,April 2023,5.0,5.0,5.0,,3.0,5,yes,,A320
Couple Leisure,Business Class,London to Atlanta,April 2023,4.0,3.0,2.0,3.0,2.0,3,no,3.0,Boeing 777
Couple Leisure,Economy Class,London to Copenhagen,April 2023,1.0,4.0,1.0,,1.0,1,no,,
Couple Leisure,Economy Class,London to Malta,April 2023,3.0,1.0,2.0,,1.0,1,no,,
Couple Leisure,Economy Class,Belfast to London,April 2023,4.0,4.0,3.0,,4.0,4,yes,,A319
Business,Premium Economy,London to Hong Kong,April 2023,2.0,2.0,3.0,3.0,4.0,3,no,5.0,Boeing 787
Family Leisure,Economy Class,Mumbai to Chicago via London,April 2023,4.0,1.0,5.0,5.0,1.0,1,no,1.0,
Business,Business Class,London to New York,April 2023,3.0,2.0,2.0,2.0,3.0,2,no,1.0,Boeing 777
Solo Leisure,Economy Class,Mumbai to London,March 2023,4.0,5.0,3.0,5.0,4.0,5,yes,5.0,Boeing 777-200
Couple Leisure,Business Class,Mexico City to Amsterdam via London,March 2023,4.0,5.0,5.0,,4.0,5,yes,,Boeing 787 / A320
Business,Economy Class,Barcelona to London,March 2023,3.0,3.0,3.0,1.0,3.0,1,no,1.0,
Couple Leisure,Economy Class,London to Lanzarote,March 2023,3.0,2.0,,1.0,2.0,3,no,,A321
Couple Leisure,Economy Class,Marrakech to London Heathrow,March 2023,1.0,1.0,1.0,,1.0,1,no,,
Couple Leisure,Economy Class,London Heathrow to Marrakech,March 2023,1.0,3.0,1.0,,1.0,1,no,,
Family Leisure,Economy Class,London to Algiers,May 2022,1.0,1.0,,,1.0,2,no,,
Couple Leisure,Economy Class,Miami to Munich via London,March 2023,3.0,1.0,3.0,4.0,1.0,1,yes,2.0,
Business,Economy Class,New York to London,March 2023,1.0,1.0,1.0,2.0,2.0,2,no,,
Couple Leisure,Economy Class,Cairo to London,March 2023,1.0,4.0,1.0,1.0,4.0,2,no,1.0,A321Neo
Solo Leisure,Premium Economy,Mumbai to Nassau via London,March 2023,4.0,4.0,2.0,3.0,3.0,3,yes,1.0,Boeing 777
Couple Leisure,First Class,Johannesburg to London,March 2023,4.0,5.0,4.0,4.0,1.0,2,no,4.0,A380
Solo Leisure,Economy Class,Munich to London Heathrow,March 2023,3.0,3.0,,,1.0,1,no,,
Couple Leisure,Economy Class,Amsterdam to London,March 2023,1.0,,,,1.0,1,no,,
Couple Leisure,Economy Class,Heathrow to Belfast City,March 2023,3.0,3.0,3.0,,1.0,1,no,,
Couple Leisure,Economy Class,Gatwick to Dubrovnik,March 2023,1.0,3.0,2.0,,5.0,5,yes,,A320
Business,Economy Class,London Heathrow to Amsterdam,March 2023,2.0,1.0,1.0,,1.0,1,no,,
Solo Leisure,Economy Class,Zagreb to London Heathrow,March 2023,3.0,2.0,1.0,1.0,1.0,2,no,1.0,
Couple Leisure,Premium Economy,New York JFK to Heathrow,March 2023,1.0,2.0,2.0,2.0,3.0,1,no,,
Solo Leisure,Economy Class,Dublin to Orlando via Heathrow,December 2022,1.0,1.0,1.0,1.0,1.0,1,no,1.0,
Family Leisure,Economy Class,London Heathrow to Munich,March 2023,1.0,1.0,1.0,,1.0,1,no,,
Business,Business Class,London to Dubai,December 2022,4.0,4.0,4.0,4.0,1.0,1,no,4.0,
Solo Leisure,Economy Class,Geneva to London,March 2023,2.0,3.0,3.0,,1.0,2,no,,A320
Family Leisure,Economy Class,Prague to London,December 2022,1.0,,,,1.0,1,no,,
Business,Economy Class,Heathrow to Glasgow,March 2023,1.0,1.0,1.0,1.0,1.0,1,no,1.0,
Business,Economy Class,London Heathrow to Arlanda Stockholm,March 2023,5.0,5.0,2.0,,5.0,5,yes,,A321
Couple Leisure,Business Class,Portland to Tel Aviv via Heathrow,March 2023,,,,,,1,no,,
Solo Leisure,Business Class,Heathrow to Milan Malpensa,April 2022,,,,,1.0,1,no,,
Solo Leisure,Economy Class,London to Los Angeles,March 2023,1.0,2.0,1.0,1.0,3.0,1,no,1.0,
Solo Leisure,Economy Class,New York to Istanbul via London,March 2023,5.0,5.0,5.0,5.0,5.0,5,yes,,Boeing 777 / A320
Couple Leisure,Premium Economy,London Heathrow to Las Vegas,March 2023,3.0,2.0,1.0,4.0,2.0,3,no,,
Business,Business Class,London to Cairo,January 2023,1.0,2.0,1.0,1.0,3.0,1,no,,A321neo
Solo Leisure,Economy Class,London Singapore ,February 2023,3.0,5.0,5.0,4.0,5.0,4,yes,,Boeing 787
Business,Business Class,London to Dubai,February 2023,2.0,3.0,2.0,3.0,4.0,3,yes,,A380
Business,Business Class,Brussels to London,February 2023,2.0,4.0,4.0,,4.0,4,yes,,A320
Family Leisure,Economy Class,Lyon to London,February 2023,1.0,4.0,1.0,,1.0,1,no,,
Family Leisure,Economy Class,London to Lyon,February 2023,1.0,4.0,1.0,1.0,1.0,1,no,1.0,
Couple Leisure,Economy Class,Faro to Gatwick ,February 2023,2.0,2.0,1.0,,5.0,2,no,,A320
Family Leisure,Economy Class,Oslo to London,February 2023,3.0,3.0,1.0,,2.0,3,no,,A320
Solo Leisure,Economy Class,London to Madrid,February 2023,2.0,1.0,1.0,,1.0,2,no,,A320
Couple Leisure,Economy Class,Islamabad to London,February 2023,4.0,5.0,2.0,3.0,4.0,5,yes,,
Couple Leisure,Economy Class,Edinburgh to London,February 2023,3.0,2.0,,,1.0,1,no,,
Couple Leisure,Business Class,Mexico City to London,February 2023,5.0,5.0,4.0,4.0,5.0,5,yes,,Boeing 787-9
Solo Leisure,Economy Class,Palma to Gatwick,January 2023,5.0,5.0,5.0,,5.0,5,yes,,A320
Family Leisure,Economy Class,London to Madrid,February 2023,5.0,5.0,5.0,,5.0,5,yes,,
Business,Economy Class,London Heathrow to Glasgow,January 2023,5.0,5.0,4.0,,5.0,5,yes,5.0,A320
Couple Leisure,Premium Economy,London to Buenos Aires,January 2023,3.0,1.0,1.0,,4.0,1,no,,
Solo Leisure,Premium Economy,London to Vancouver,January 2023,4.0,4.0,1.0,1.0,4.0,1,no,,Boeing 777-300
Solo Leisure,Economy Class,Faro to London,January 2023,1.0,2.0,,,4.0,3,no,1.0,
Solo Leisure,First Class,Heathrow to Johannesburg,January 2023,4.0,5.0,4.0,3.0,5.0,4,yes,3.0,A380
Couple Leisure,Business Class,Cape Town to London,January 2023,4.0,5.0,5.0,4.0,4.0,4,yes,4.0,Boeing 777-200
Couple Leisure,Business Class,London to Male,January 2023,5.0,5.0,5.0,5.0,5.0,4,yes,2.0,Boeing 777-300ER
Solo Leisure,Business Class,London to Vienna,December 2022,3.0,2.0,1.0,,1.0,1,no,,
Couple Leisure,Economy Class,Johannesburg to Los Angeles via London,January 2023,2.0,2.0,2.0,,1.0,2,no,,
Solo Leisure,Economy Class,London Gatwick to Alicante,January 2023,,,,,,1,no,,
Family Leisure,Economy Class,London to Tel Aviv,December 2022,4.0,5.0,4.0,3.0,4.0,5,yes,4.0,Boeing 787-8
Couple Leisure,Business Class,London Heathrow to Cape Town,January 2023,3.0,5.0,5.0,5.0,4.0,4,yes,5.0,Boeing 777-200
Solo Leisure,Economy Class,Gatwick to Dublin,January 2023,3.0,5.0,,,1.0,1,no,,
Solo Leisure,Premium Economy,London Heathrow to Athens Greece ,April 2022,3.0,4.0,1.0,1.0,3.0,1,no,1.0,
Family Leisure,Economy Class,Atlanta to London,January 2023,1.0,1.0,1.0,3.0,1.0,2,no,,Boeing 777-200
Family Leisure,Economy Class,London to Chicago,December 2022,3.0,2.0,3.0,4.0,3.0,2,no,,A380
Family Leisure,Economy Class,Istanbul to Vancouver via Heathrow,January 2023,1.0,5.0,1.0,1.0,1.0,1,no,,
Family Leisure,Business Class,Vienna to Los Angeles via London Heathrow,January 2023,1.0,2.0,1.0,1.0,1.0,1,no,1.0,"A320, A380"
Business,Business Class,London to San francisco,January 2023,2.0,5.0,2.0,1.0,2.0,1,no,1.0,
Business,Economy Class,London to Belfast,January 2023,4.0,5.0,3.0,,5.0,4,yes,,A321
Business,Economy Class,Doha to London,December 2022,5.0,3.0,1.0,1.0,5.0,4,no,,A380
Couple Leisure,Business Class,London to Barbados,December 2022,3.0,4.0,4.0,2.0,4.0,3,no,,Boeing 777
Solo Leisure,Premium Economy,London Gatwick to Cape Town,December 2022,3.0,4.0,4.0,2.0,2.0,3,no,,Boeing 777
Solo Leisure,Business Class,Cape Town to London,December 2022,4.0,3.0,2.0,2.0,1.0,2,no,,A350
Solo Leisure,Economy Class,London Heathrow to Frankfurt,December 2022,3.0,3.0,,,1.0,1,no,,
Family Leisure,Economy Class,Vancouver to Delhi via London,December 2022,,,,,,1,no,,
Couple Leisure,Economy Class,Marseille to London,December 2022,3.0,3.0,2.0,,4.0,5,yes,,A320
Couple Leisure,First Class,London to Male,December 2022,2.0,2.0,1.0,1.0,3.0,1,no,1.0,Boeing 777-300
Solo Leisure,Economy Class,Keflavik to London Heathrow,December 2022,2.0,3.0,,,1.0,1,no,,A320
Business,Business Class,London Heathrow to Frankfurt,October 2022,3.0,4.0,3.0,,1.0,1,no,,
Solo Leisure,Economy Class,London Heathrow to Bangkok via Doha,December 2022,2.0,2.0,2.0,2.0,1.0,1,no,,
Couple Leisure,Premium Economy,London Gatwick to Cancun,November 2022,4.0,1.0,1.0,3.0,1.0,1,no,,
Solo Leisure,Premium Economy,London to Phoenix,December 2022,3.0,5.0,4.0,3.0,1.0,4,no,,
Business,Business Class,London to Rome,December 2022,4.0,4.0,5.0,,1.0,4,yes,4.0,A321
Couple Leisure,Business Class,Barbados to London Heathrow,December 2022,1.0,1.0,1.0,1.0,1.0,1,no,,Boeing 777
Solo Leisure,Economy Class,Doha to  Gatwick,November 2022,2.0,5.0,4.0,4.0,3.0,5,yes,,Boeing 777-200
Business,Business Class,Glasgow to London,December 2022,5.0,5.0,3.0,3.0,5.0,3,no,3.0,A320
Couple Leisure,Premium Economy,London to Boston,December 2022,3.0,4.0,3.0,,3.0,3,yes,,Boeing 777
Solo Leisure,Business Class,London to Prague,November 2022,2.0,1.0,1.0,,2.0,1,no,,A320
Business,Business Class,London to Larnaca,December 2022,1.0,,,,2.0,3,no,,
Family Leisure,Economy Class,Cairo to London,December 2022,3.0,2.0,1.0,,3.0,2,no,,
Business,Economy Class,Denver to London,December 2022,1.0,1.0,1.0,3.0,1.0,1,no,,Boeing 787-9
Solo Leisure,Business Class,London to Marrakech,June 2022,3.0,5.0,5.0,,4.0,3,yes,,A320
Solo Leisure,Economy Class,San Francisco to London,November 2022,2.0,1.0,2.0,2.0,3.0,2,no,1.0,A380
Solo Leisure,Business Class,London to Lisbon,November 2022,3.0,4.0,4.0,,3.0,3,yes,,A320
Solo Leisure,Economy Class,Montreal to Edinburgh via London Heathrow,January 2022,4.0,4.0,4.0,4.0,4.0,4,yes,,Boeing 787 / A320
Solo Leisure,Economy Class,Miami to Budapest via London,November 2022,2.0,3.0,3.0,4.0,1.0,1,no,,
Solo Leisure,Premium Economy,Amman Jordan to London UK (Heathrow),November 2022,3.0,2.0,1.0,,4.0,2,no,,
Solo Leisure,Economy Class,Dusseldorf to London via Los Angeles,August 2022,1.0,1.0,1.0,1.0,1.0,1,no,1.0,
Solo Leisure,Business Class,London to Cape Town,November 2022,4.0,2.0,1.0,4.0,1.0,1,no,,Boeing 777
Solo Leisure,Economy Class,Milan to Dallas via London ,November 2022,2.0,5.0,2.0,2.0,2.0,1,no,2.0,
Solo Leisure,Economy Class,Baltimore to London Heathrow,November 2022,1.0,3.0,3.0,1.0,2.0,3,yes,,Boeing 787-8
Couple Leisure,Business Class,Dubai to Belfast via London,October 2022,3.0,3.0,3.0,2.0,1.0,1,no,2.0,
Couple Leisure,Economy Class,Dallas to Bologna via London,July 2022,5.0,5.0,,,1.0,1,no,,
Solo Leisure,Economy Class,San Francisco to London,October 2022,,,,,1.0,1,no,,
Solo Leisure,Economy Class,London Heathrow to Gibraltar,October 2022,2.0,1.0,1.0,,3.0,3,no,,A320
Solo Leisure,Business Class,London Heathrow to Nairobi,October 2022,3.0,1.0,1.0,2.0,1.0,1,no,1.0,Boeing 777
Solo Leisure,Business Class,London to Los Angeles,October 2022,5.0,4.0,5.0,5.0,3.0,5,yes,5.0,A350-1000
Solo Leisure,Business Class,Copenhagen to Heathrow,October 2022,3.0,5.0,5.0,,4.0,5,yes,5.0,A320
Family Leisure,Economy Class,Larnaca to London,October 2022,1.0,2.0,1.0,1.0,2.0,2,no,,A320
Couple Leisure,Business Class,Atlanta to London,October 2022,5.0,4.0,4.0,5.0,5.0,4,yes,5.0,Boeing 787-10
Solo Leisure,Business Class,Madrid to San Francisco via London,September 2022,3.0,1.0,1.0,4.0,3.0,1,no,,A380
Solo Leisure,Economy Class,London to Washington,October 2022,3.0,5.0,5.0,3.0,2.0,5,yes,,A380
Couple Leisure,Economy Class,London to San Francisco,October 2022,1.0,1.0,3.0,3.0,1.0,1,no,5.0,A380
Solo Leisure,Economy Class,London to Delhi,October 2022,2.0,2.0,1.0,3.0,4.0,1,no,,
Couple Leisure,Economy Class,London to Los Angeles,October 2022,3.0,4.0,3.0,4.0,4.0,4,yes,,Boeing 777-300
Couple Leisure,Business Class,Miami to London Heathrow,October 2022,5.0,5.0,3.0,2.0,4.0,3,yes,,Boeing 777
Solo Leisure,Business Class,Dubai to London,October 2022,4.0,4.0,4.0,2.0,4.0,3,yes,2.0,A380
Couple Leisure,Economy Class,London to Cairo,October 2022,1.0,1.0,1.0,,4.0,1,no,1.0,A320neo
Solo Leisure,Business Class,Orlando to London Gatwick,October 2022,5.0,5.0,5.0,5.0,5.0,4,yes,4.0,Boeing 777
Business,Economy Class,London to Cairo,October 2022,2.0,4.0,1.0,,3.0,1,no,2.0,A321neo
Couple Leisure,Economy Class,Dallas to London,September 2022,2.0,4.0,2.0,4.0,4.0,3,yes,,A380
Couple Leisure,Business Class,Jersey to London Heathrow,September 2022,4.0,4.0,4.0,,3.0,4,yes,,A319
Couple Leisure,Business Class,London Heathrow to Jersey,September 2022,4.0,5.0,4.0,,3.0,4,yes,,A320
Solo Leisure,Business Class,Istanbul to London Heathrow,September 2022,1.0,3.0,2.0,1.0,3.0,2,no,,A320-200
Solo Leisure,Business Class,London Heathrow to New York JFK,September 2022,5.0,4.0,4.0,4.0,5.0,5,yes,,Boeing 777-200
Business,Economy Class,Gothenburg to Jersey via London,June 2022,2.0,2.0,,,1.0,1,no,,
Solo Leisure,Premium Economy,Heathrow to Mexico City,September 2022,5.0,5.0,5.0,5.0,5.0,5,yes,5.0,
Solo Leisure,Economy Class,London to Tampa,September 2022,5.0,5.0,5.0,5.0,5.0,5,yes,5.0,
Solo Leisure,Economy Class,Sydney to London via Singapore,September 2022,1.0,3.0,2.0,5.0,4.0,2,yes,5.0,
Couple Leisure,Economy Class,London to Lisbon,September 2022,4.0,5.0,1.0,,3.0,3,yes,,A320
Business,Business Class,London to Istanbul,September 2022,1.0,1.0,1.0,,1.0,1,no,,
Couple Leisure,Economy Class,London to Manchester,September 2022,4.0,1.0,2.0,1.0,1.0,1,no,1.0,
Family Leisure,Economy Class,London to Rome,August 2022,4.0,4.0,3.0,,1.0,2,no,,Boeing 777
Couple Leisure,Business Class,London Gatwick to Malaga,September 2022,3.0,5.0,5.0,1.0,4.0,3,yes,1.0,
Business,Economy Class,Heathrow to Tenerife,November 2021,,,,,,1,no,,
Couple Leisure,Economy Class,Manchester to Seattle via London,August 2022,3.0,2.0,1.0,2.0,4.0,3,no,,
Couple Leisure,Premium Economy,San Francisco to London,April 2022,2.0,1.0,2.0,3.0,1.0,1,no,,
Couple Leisure,Economy Class,Berlin to London City,August 2022,3.0,5.0,4.0,,2.0,4,yes,,
Couple Leisure,Economy Class,Tel Aviv to London,August 2022,5.0,5.0,5.0,5.0,3.0,4,yes,,Boeing 787
Solo Leisure,Business Class,London to Manila via Singapore,June 2022,1.0,1.0,1.0,1.0,1.0,1,no,,
Solo Leisure,Economy Class,London to Barcelona,June 2022,1.0,2.0,1.0,,1.0,1,no,,
Business,Business Class,Los Angeles to Thessaloniki via London,June 2022,2.0,2.0,1.0,,1.0,1,no,,
Couple Leisure,Economy Class,Boston to Dublin via London,August 2022,5.0,5.0,5.0,5.0,5.0,5,yes,1.0,
Couple Leisure,Economy Class,London to New York,July 2022,5.0,5.0,5.0,5.0,5.0,3,yes,5.0,
Family Leisure,Economy Class,Cape Town to London Heathrow,August 2022,2.0,1.0,1.0,3.0,4.0,3,no,,Boeing 777
Couple Leisure,Premium Economy,Dallas Ft Worth to London,May 2022,3.0,5.0,5.0,,4.0,4,yes,,
Family Leisure,Economy Class,London to Amsterdam,July 2022,1.0,1.0,1.0,,1.0,1,no,,
Solo Leisure,Business Class,London to Marrakesh,June 2022,1.0,1.0,1.0,1.0,1.0,1,no,1.0,A320
Solo Leisure,Economy Class,Accra to London,November 2021,,,,,1.0,1,no,,
Solo Leisure,Economy Class,Nairobi to New York via London,July 2022,3.0,5.0,3.0,,3.0,1,no,,
Family Leisure,Business Class,San Francisco to London,July 2022,4.0,5.0,4.0,4.0,4.0,4,yes,5.0,A380
Solo Leisure,Economy Class,London to Amman,May 2022,1.0,1.0,,,1.0,1,no,,A320
Family Leisure,Economy Class,Edinburgh to Washington via London,July 2022,2.0,2.0,2.0,,1.0,1,no,,
Couple Leisure,Economy Class,Vancouver to Amsterdam via London,June 2022,5.0,5.0,5.0,5.0,1.0,1,no,,
Couple Leisure,Economy Class,Sao Paulo to Heathrow ,July 2022,1.0,2.0,3.0,1.0,3.0,3,yes,,A350-1000
Couple Leisure,Economy Class,London to Reykjavik,May 2022,3.0,4.0,1.0,,1.0,4,yes,,A321
Business,Economy Class,Belfast to London,July 2022,4.0,5.0,2.0,,2.0,4,yes,,A321
,Business Class,London to Malaga,July 2022,,,,,,1,no,,
Couple Leisure,Business Class,London to Toronto,July 2022,5.0,5.0,5.0,5.0,5.0,5,yes,,
Family Leisure,Business Class,London to Los Angeles,July 2022,4.0,4.0,4.0,5.0,5.0,4,yes,5.0,A350
Family Leisure,Economy Class,Washington to London,July 2022,1.0,1.0,,,1.0,1,no,,
Solo Leisure,Premium Economy,Nairobi to New York via London,July 2022,1.0,1.0,1.0,1.0,1.0,1,no,1.0,
Couple Leisure,Business Class,Dublin to London City,July 2022,4.0,4.0,3.0,,1.0,1,no,,Embraer 190
Solo Leisure,Premium Economy,Venice to Baltimore via London Heathrow,July 2022,3.0,3.0,3.0,2.0,1.0,2,no,1.0,"A320, Boeing 787"
Couple Leisure,Premium Economy,London to Nairobi,June 2022,,,,,,1,no,,
Couple Leisure,Economy Class,London Heathrow to Johannesburg,June 2022,1.0,3.0,3.0,2.0,2.0,4,no,,A350
Family Leisure,Economy Class,Belfast to London,June 2022,,,,,1.0,1,no,,
Family Leisure,Business Class,,June 2022,2.0,2.0,2.0,2.0,1.0,1,no,,
Couple Leisure,Economy Class,London to Paris,July 2021,1.0,1.0,1.0,1.0,1.0,1,no,1.0,
Business,Business Class,Miami to Paris,June 2022,3.0,4.0,4.0,2.0,3.0,1,no,1.0,
Family Leisure,Economy Class,Edmonton to Cairo,June 2022,2.0,2.0,1.0,1.0,1.0,2,no,1.0,
Couple Leisure,Premium Economy,Amsterdam to Montreal via London,June 2022,2.0,2.0,2.0,2.0,2.0,2,no,2.0,
Solo Leisure,Economy Class,Hong Kong to London,April 2022,,,,,,1,no,,
Family Leisure,Economy Class,Belfast to London,June 2022,3.0,1.0,2.0,,1.0,1,no,,
Business,Economy Class,London to Johannesburg,June 2022,1.0,4.0,1.0,2.0,3.0,2,no,1.0,A350
Couple Leisure,Economy Class,Paris CDG to London Heathrow,June 2022,1.0,4.0,1.0,1.0,2.0,1,no,1.0,A320
Couple Leisure,Business Class,Portland to London,June 2022,2.0,4.0,2.0,2.0,4.0,2,no,,
Business,Business Class,London to Malaga,June 2022,3.0,2.0,2.0,,2.0,3,no,3.0,A320
Couple Leisure,Economy Class,Boston to Edinburgh via Heathrow,June 2022,1.0,4.0,4.0,3.0,1.0,1,no,1.0,
Couple Leisure,Economy Class,Edmonton to Santorini via Toronto / London,June 2022,1.0,1.0,,,1.0,1,no,,
Solo Leisure,Economy Class,Vancouver to London,June 2022,1.0,2.0,1.0,3.0,2.0,3,no,,A380
Couple Leisure,Business Class,London to san Francisco,June 2022,4.0,4.0,3.0,5.0,2.0,4,yes,4.0,Boeing 777-200
Business,Economy Class,London to Amsterdam,June 2022,2.0,2.0,,,2.0,1,no,,
Couple Leisure,Premium Economy,Cancun to London Gatwick,June 2022,4.0,3.0,2.0,4.0,3.0,3,no,,Boeing 777
Couple Leisure,Economy Class,Phoenix to Hamburg via London,June 2022,2.0,2.0,3.0,4.0,1.0,1,no,,
Family Leisure,Business Class,Dallas Fort-Worth to Toulouse via London,June 2022,1.0,1.0,1.0,1.0,1.0,1,no,1.0,
Couple Leisure,Business Class,London to Thira,June 2022,5.0,5.0,5.0,,5.0,5,yes,,A320
Family Leisure,Economy Class,Islamabad to Manchester via Gatwick,April 2022,5.0,5.0,5.0,,5.0,4,yes,,
Solo Leisure,Business Class,Vancouver to London,June 2022,4.0,5.0,3.0,4.0,2.0,5,yes,4.0,A380
Business,Economy Class,London to Boston,May 2022,4.0,5.0,5.0,,5.0,3,yes,5.0,Boeing 777-300ER
Solo Leisure,Economy Class,Johannesburg to Toronto via London,May 2022,4.0,4.0,4.0,,4.0,3,yes,1.0,
Couple Leisure,Economy Class,Zurich to London,February 2022,,,,,1.0,1,no,,
Couple Leisure,Business Class,Johannesburg to London Heathrow,April 2022,4.0,4.0,3.0,,3.0,3,yes,,Boeing 777
Couple Leisure,Business Class,Miami to Zurich via London,May 2022,4.0,3.0,3.0,4.0,1.0,1,no,,
Family Leisure,Economy Class,Bridgetown to London ,May 2022,1.0,5.0,1.0,3.0,3.0,1,no,,Boeing 777-300
Family Leisure,Business Class,London to Malaga,May 2022,,,,,,2,no,,
Couple Leisure,Business Class,Dubrovnik to London,May 2022,2.0,2.0,1.0,,4.0,1,no,,
Couple Leisure,Economy Class,Amsterdam to London,May 2022,2.0,1.0,1.0,,1.0,1,no,,
Business,Economy Class,Columbus to Nairobi via Chicago / London,May 2022,,,,,,1,no,,
Solo Leisure,Economy Class,London to Geneva,March 2022,,,,,,1,no,,
Solo Leisure,Business Class,London to Mauritius,March 2022,,,,,1.0,1,no,,
Solo Leisure,Economy Class,London Heathrow to Malaga,May 2022,3.0,2.0,1.0,1.0,1.0,3,no,1.0,A320
Solo Leisure,Economy Class,Basel to Johannesburg via London,May 2022,1.0,2.0,2.0,2.0,1.0,2,no,1.0,
Couple Leisure,Business Class,Athens to London,May 2022,2.0,4.0,3.0,,3.0,2,no,2.0,A320
Solo Leisure,Premium Economy,London to Mexico City,April 2022,5.0,4.0,4.0,3.0,4.0,4,yes,,Boeing 787
Business,Economy Class,Glasgow to New York,May 2022,3.0,4.0,4.0,4.0,1.0,1,no,4.0,
Solo Leisure,Economy Class,London Heathrow to Los Angeles,May 2022,1.0,5.0,,,4.0,1,no,,
Solo Leisure,Premium Economy,Dubai to Milan Malpensa via London,May 2022,5.0,5.0,5.0,5.0,5.0,5,yes,3.0,Boeing 777
Solo Leisure,Economy Class,Los Angeles to London,May 2022,,,,,,1,no,,
Solo Leisure,Economy Class,London to Cape Town,April 2022,2.0,1.0,2.0,,1.0,1,no,,Boeing 777
Solo Leisure,Economy Class,São Paulo to Milan via London,April 2022,5.0,5.0,5.0,5.0,5.0,5,yes,5.0,
Family Leisure,Business Class,Madrid to London Heathrow,April 2022,3.0,5.0,5.0,,5.0,4,yes,,A321 Neo
Couple Leisure,Business Class,Dubrovnik to London Heathrow,April 2022,4.0,5.0,5.0,,5.0,5,yes,,A320
Business,Business Class,London to Aberdeen,April 2022,1.0,2.0,1.0,,3.0,1,no,,
Solo Leisure,Business Class,Pisa to London Heathrow,March 2022,1.0,1.0,1.0,1.0,1.0,1,no,1.0,A320
Couple Leisure,Economy Class,Johannesburg to Durban,April 2022,1.0,1.0,1.0,,1.0,1,no,,Boeing 737 800
Couple Leisure,Economy Class,Gothenburg to Manchester via London,April 2022,3.0,3.0,1.0,,1.0,1,no,1.0,A320
Solo Leisure,Business Class,Chicago to London,March 2022,5.0,5.0,5.0,4.0,3.0,4,yes,,Boeing 787
Couple Leisure,Economy Class,Riyadh to Nice via London,April 2022,2.0,3.0,2.0,3.0,1.0,2,no,,
Couple Leisure,Business Class,London to Glasgow,April 2022,,,,,,1,no,,
Family Leisure,Economy Class,Glasgow to Washington via London,April 2022,4.0,5.0,4.0,3.0,4.0,3,yes,3.0,A380
Business,Business Class,Malaga to London,April 2022,2.0,4.0,2.0,,2.0,2,no,1.0,A320neo
Couple Leisure,Economy Class,Nice to Dallas via London,April 2022,5.0,5.0,4.0,5.0,5.0,4,yes,5.0,
Solo Leisure,Economy Class,London to Paris,March 2022,1.0,1.0,1.0,,1.0,3,no,,
Couple Leisure,Business Class,Phoenix to Paris via London,April 2022,3.0,2.0,2.0,1.0,2.0,2,no,,A320 / Boeing 777
Business,Business Class,Phoenix to London Heathrow,April 2022,5.0,5.0,5.0,5.0,4.0,5,yes,3.0,Boeing 777-200
Couple Leisure,Economy Class,Santorini to Los Angeles via London,April 2022,1.0,1.0,1.0,,1.0,1,no,,
Family Leisure,Business Class,London to Tokyo,June 2022,,,,,,1,no,,
Solo Leisure,Business Class,Edinburgh to London City,April 2022,5.0,5.0,5.0,,5.0,4,yes,,Embraer
Solo Leisure,Business Class,Vancouver to London,March 2022,4.0,4.0,4.0,4.0,2.0,5,yes,5.0,Boeing 777-200ER
Couple Leisure,Business Class,London to Venice,March 2022,2.0,4.0,2.0,,2.0,3,yes,,A319
Business,Business Class,London to Barcelona,April 2022,1.0,1.0,1.0,,1.0,1,no,,A320
Couple Leisure,Business Class,Barbados to Heathrow,March 2022,2.0,3.0,3.0,1.0,4.0,3,yes,,Boeing 777
Business,Economy Class,Heathrow to Bologna,April 2022,1.0,1.0,,,1.0,1,no,,
Business,Business Class,Geneva to London,April 2022,4.0,5.0,4.0,,1.0,4,no,3.0,A320
Solo Leisure,Economy Class,London to Singapore,April 2022,1.0,1.0,1.0,1.0,1.0,1,no,1.0,
Couple Leisure,Business Class,London to Barbados,March 2022,4.0,5.0,4.0,2.0,4.0,4,yes,,Boeing 777
Couple Leisure,Business Class,Cape Town to London Heathrow,March 2022,3.0,3.0,1.0,,3.0,1,no,,Boeing 777
Couple Leisure,Economy Class,Sydney to Heathrow,March 2022,3.0,1.0,1.0,1.0,2.0,4,no,,
Business,Business Class,London to Malaga,March 2022,2.0,1.0,2.0,1.0,1.0,1,no,,A320
Couple Leisure,Economy Class,Austin to London via Dublin,March 2022,2.0,1.0,2.0,,1.0,1,no,,
Couple Leisure,Business Class,Cape Town to London,March 2022,2.0,1.0,1.0,2.0,3.0,2,no,,Boeing 777-200
Couple Leisure,Economy Class,London Heathrow to Funchal,March 2022,3.0,3.0,1.0,,1.0,3,no,,
Couple Leisure,Economy Class,Gatwick to Antalya,March 2022,,,,,,1,no,,
Couple Leisure,Economy Class,London to Austin,March 2022,4.0,1.0,1.0,1.0,1.0,3,no,,Boeing 787-9
Couple Leisure,Premium Economy,Dubai to Heathrow,March 2022,3.0,2.0,1.0,3.0,4.0,2,no,,
Solo Leisure,First Class,Singapore to London,March 2022,5.0,1.0,1.0,4.0,2.0,2,no,,Boeing 787-900
Family Leisure,Economy Class,Dublin to Dubai via London,March 2022,3.0,4.0,3.0,1.0,3.0,3,no,,A350
Couple Leisure,Economy Class,London Heathrow to Cairo,February 2022,1.0,3.0,1.0,,1.0,1,no,,
Couple Leisure,Premium Economy,Male to London,March 2022,4.0,2.0,2.0,3.0,4.0,3,no,,
Business,Economy Class,Copenhagen to London,March 2022,2.0,2.0,1.0,,1.0,1,no,,
Family Leisure,Premium Economy,New York to London,March 2022,1.0,3.0,3.0,3.0,1.0,1,no,,
Business,Business Class,London Heathrow to Sofia,August 2021,3.0,5.0,2.0,,1.0,2,no,1.0,A321-neo
Family Leisure,Economy Class,Athens to Boston via London,October 2021,2.0,3.0,2.0,,1.0,1,no,,
Solo Leisure,Premium Economy,Cape Town to Glasgow via London,February 2022,3.0,3.0,2.0,3.0,2.0,3,yes,,Boeing 777
Business,Business Class,Bangalore to London,March 2022,3.0,4.0,1.0,1.0,2.0,1,no,2.0,
Couple Leisure,Business Class,London to Cape Town,March 2022,3.0,3.0,2.0,1.0,3.0,3,no,,Boeing 777-200
Couple Leisure,Business Class,Lisbon to London,February 2022,1.0,3.0,1.0,,3.0,1,no,,A320
Solo Leisure,Premium Economy,Vancouver to London,February 2022,4.0,5.0,5.0,5.0,4.0,5,yes,4.0,A350
Business,Business Class,London to Malaga,February 2022,3.0,3.0,2.0,,3.0,2,no,3.0,A320
Business,Economy Class,London to Athens,February 2022,2.0,3.0,1.0,,1.0,1,no,,A322
Solo Leisure,Economy Class,London to Edinburgh,February 2022,,,,,1.0,1,no,,
Family Leisure,Business Class,Washington to London,February 2022,4.0,5.0,4.0,4.0,5.0,4,yes,4.0,Boeing 787-9
Couple Leisure,Economy Class,Accra to London ,January 2022,1.0,2.0,1.0,1.0,1.0,1,no,1.0,
Business,Business Class,Dublin to London,February 2022,,,,,,1,no,,A320
Family Leisure,Business Class,London to Washington,February 2022,4.0,5.0,5.0,4.0,5.0,4,yes,5.0,Boeing 787-9
Family Leisure,Business Class,London to Porto,February 2022,,,,,,1,no,,
Solo Leisure,Business Class,Washington to London,December 2021,5.0,5.0,5.0,,4.0,5,yes,,
Couple Leisure,Economy Class,Montréal to Dubai via London,February 2022,,,,,,4,yes,,
Couple Leisure,Business Class,Atlanta to Belfast via Heathrow,January 2022,4.0,5.0,4.0,4.0,5.0,5,yes,,Boeing 787-9
Couple Leisure,Business Class,Cape Town to London Heathrow,January 2022,3.0,4.0,2.0,4.0,3.0,3,yes,,Boeing 777
Couple Leisure,Business Class,London Heathrow to Orlando,January 2022,2.0,4.0,3.0,1.0,3.0,3,no,,Boeing 777
Couple Leisure,Economy Class,London Heathrow to Dubai,January 2022,2.0,1.0,1.0,2.0,1.0,1,no,,A380
Solo Leisure,Economy Class,New York to Newcastle via London,November 2021,3.0,4.0,4.0,4.0,1.0,4,no,,
Couple Leisure,Business Class,Cape Town to Durban,January 2022,3.0,2.0,3.0,,4.0,3,yes,,Boeing 737-800
Solo Leisure,Economy Class,Durban to Cape Town,January 2022,5.0,5.0,5.0,,5.0,5,yes,,
Solo Leisure,Business Class,Bangalore to Detroit via London,January 2022,4.0,2.0,1.0,3.0,1.0,1,no,,
Business,Economy Class,New York to London,January 2022,1.0,1.0,2.0,3.0,1.0,2,no,,
Business,Economy Class,Las Vegas to London ,January 2022,1.0,4.0,1.0,1.0,1.0,1,no,,
Couple Leisure,Business Class,London to Dubai,October 2021,2.0,1.0,1.0,3.0,1.0,1,no,,
Family Leisure,Economy Class,Warsaw to London,December 2021,2.0,4.0,,,1.0,2,no,,
Business,Business Class,Glasgow to London Heathrow,December 2021,2.0,1.0,1.0,,2.0,1,no,,A319
Couple Leisure,Business Class,London to Cape Town,December 2021,3.0,3.0,2.0,5.0,4.0,3,yes,1.0,Boeing 777
Solo Leisure,Premium Economy,London to Tampa,November 2021,1.0,1.0,,,1.0,1,no,,
Solo Leisure,Business Class,Edinburgh to London,December 2021,4.0,5.0,4.0,,5.0,4,yes,5.0,A320-200
Solo Leisure,Business Class,London to Edinburgh,December 2021,4.0,5.0,5.0,,3.0,4,yes,,A320-200
Family Leisure,Economy Class,London Heathrow to Los Angeles,December 2021,1.0,4.0,1.0,1.0,2.0,1,no,,A380
Business,Economy Class,London to St Lucia,December 2021,5.0,5.0,4.0,,5.0,5,yes,,Boeing 777
Couple Leisure,First Class,London to Chicago,November 2021,4.0,5.0,5.0,3.0,4.0,4,yes,5.0,Boeing 787
Solo Leisure,Business Class,London to Istanbul,December 2021,1.0,2.0,3.0,1.0,1.0,2,no,1.0,A320
Couple Leisure,Business Class,Dubai to London Heaathrow,December 2021,4.0,2.0,3.0,4.0,1.0,4,yes,3.0,Boeing 777
Solo Leisure,Economy Class,London to Aberdeen,December 2021,,,,,1.0,1,no,,A320
Couple Leisure,Business Class,London Gatwick to Cancun,December 2021,1.0,5.0,3.0,2.0,5.0,3,no,,Boeing 777
Business,Business Class,Kingston to London,August 2021,1.0,2.0,2.0,3.0,2.0,1,no,1.0,
Family Leisure,Business Class,London to Delhi,January 2021,1.0,1.0,1.0,1.0,1.0,1,no,1.0,
Solo Leisure,Economy Class,Washington DC to Moscow via London,December 2021,1.0,1.0,,,1.0,1,no,,
Solo Leisure,Economy Class,Singapore to London,July 2021,3.0,4.0,1.0,3.0,1.0,1,no,,
Family Leisure,Economy Class,Cairo to Portland via London / Seattle,November 2021,,,,,1.0,1,no,,
Business,Business Class,London Heathrow to Paris CDG,November 2021,3.0,4.0,4.0,,1.0,3,no,,A320
Business,Business Class,Manchester to London Heathrow,November 2021,1.0,,,,1.0,2,no,,
Solo Leisure,Business Class,London to Tenerife,November 2021,3.0,2.0,3.0,,4.0,2,no,,A321 neo
Solo Leisure,Business Class,Tenerife to London,November 2021,4.0,5.0,5.0,,4.0,4,yes,,A321 neo
Solo Leisure,Economy Class,Stockholm to London Heathrow,November 2021,1.0,5.0,1.0,,1.0,2,no,,A320
Business,Economy Class,Frankfurt to London,November 2021,,,,,1.0,1,no,,
Couple Leisure,Business Class,London Heathrow to Tenerife South,November 2021,3.0,3.0,1.0,,2.0,1,no,,A320neo
Couple Leisure,Business Class,Heathrow to Tenerife South,November 2021,2.0,5.0,3.0,,3.0,3,yes,,A320 Neo
Solo Leisure,Economy Class,London to Chicago,November 2021,1.0,2.0,2.0,2.0,1.0,1,no,2.0,
Solo Leisure,Economy Class,London to Mexico,October 2021,2.0,3.0,2.0,5.0,2.0,2,no,,
Couple Leisure,Economy Class,Manchester to Nassau via London,October 2021,2.0,2.0,2.0,2.0,1.0,1,no,1.0,Boeing 777
Family Leisure,Economy Class,Mumbai to Dublin via London,November 2021,3.0,2.0,2.0,3.0,2.0,3,no,,
Solo Leisure,Premium Economy,Gibraltar to London,November 2021,4.0,4.0,,,1.0,3,no,,
Business,Economy Class,Belfast to London,November 2021,4.0,5.0,4.0,,4.0,4,yes,,A321
Family Leisure,Business Class,Larnaca to London Heathrow,October 2021,2.0,4.0,2.0,,3.0,3,yes,3.0,A321
Couple Leisure,Business Class,Lisbon to London Heathrow,September 2021,4.0,4.0,4.0,,5.0,4,yes,,A320
Couple Leisure,Premium Economy,Madrid to London,October 2021,4.0,5.0,5.0,4.0,3.0,5,yes,,Boeing 787
Family Leisure,Economy Class,London to Bologna,October 2021,5.0,5.0,3.0,,2.0,4,yes,,A320NEO
Business,Economy Class,London to Alicante,October 2021,1.0,4.0,4.0,,4.0,5,yes,,A321 Neo
Family Leisure,Business Class,London to Larnaca,October 2021,3.0,5.0,3.0,2.0,4.0,4,yes,2.0,A321
Business,Economy Class,Prague to London,October 2021,4.0,5.0,,,1.0,1,no,,A320
Couple Leisure,Economy Class,Male to London,October 2021,5.0,5.0,5.0,5.0,5.0,5,yes,5.0,
Solo Leisure,Premium Economy,London to Toronto,October 2021,3.0,3.0,4.0,4.0,4.0,4,yes,,
Business,Business Class,London to Toronto,October 2021,5.0,5.0,5.0,5.0,5.0,5,yes,5.0,A350
Solo Leisure,Business Class,London Heathrow to Athens Greece,September 2021,2.0,4.0,4.0,3.0,4.0,1,no,4.0,
Solo Leisure,Economy Class,London to Cayman Islands ,November 2020,,,,,,1,no,,
Family Leisure,Economy Class,London to Prague,October 2021,1.0,1.0,1.0,,1.0,2,no,,A320
Couple Leisure,Business Class,Larnaca to London Heathrow,October 2021,3.0,4.0,3.0,,4.0,4,yes,3.0,A321
Couple Leisure,Economy Class,Heathrow to Manchester ,August 2021,,,,,1.0,1,no,,
Business,Business Class,London to Jersey,September 2021,2.0,1.0,,,1.0,1,no,,
Solo Leisure,Premium Economy,Denver to London,October 2021,5.0,5.0,,,5.0,5,yes,,
Business,Economy Class,Belfast to London,September 2021,4.0,3.0,3.0,,4.0,5,yes,,A321
Couple Leisure,Economy Class,Manchester to Aberdeen via Heathrow,August 2021,1.0,1.0,1.0,,1.0,1,no,1.0,A320
Couple Leisure,Business Class,London Heathrow to Tenerife south,September 2021,3.0,1.0,2.0,,1.0,1,no,,
Business,Business Class,London to New York,September 2021,3.0,1.0,1.0,2.0,3.0,4,no,2.0,
Couple Leisure,Business Class,London Heathrow to Larnaca,September 2021,3.0,3.0,3.0,,3.0,3,yes,2.0,A320
Family Leisure,Business Class,London to Lisbon,September 2021,3.0,5.0,4.0,,3.0,4,yes,4.0,A320
Solo Leisure,Economy Class,Frankfurt to London,September 2021,4.0,4.0,1.0,,1.0,1,no,,Embraer
Business,Economy Class,Geneva to Sao Paulo via London,October 2020,,,,,,1,no,,
Family Leisure,Economy Class,Abuja to London,September 2021,,,,,1.0,3,no,,
Business,Business Class,Mykonos to New York via London,August 2021,,,,,,1,no,,
Solo Leisure,Economy Class,Boston to Tirana London,September 2021,2.0,3.0,3.0,3.0,1.0,3,no,,
Couple Leisure,Economy Class,Washington Dulles to London ,August 2021,1.0,1.0,1.0,1.0,1.0,1,no,,
Business,Economy Class,Gatwick to Catania,August 2021,,,,,,1,no,,
Solo Leisure,Economy Class,London to Moscow Domodedovo,August 2021,5.0,4.0,1.0,1.0,3.0,2,yes,1.0,Boeing 787-8
Solo Leisure,Economy Class,London to Athens,August 2021,4.0,5.0,4.0,,5.0,5,yes,5.0,
Family Leisure,Economy Class,London to Corfu,August 2021,4.0,5.0,4.0,4.0,4.0,4,yes,4.0,A320
Family Leisure,Business Class,Moscow to London Heathrow,August 2021,4.0,1.0,2.0,3.0,1.0,1,no,,
Business,Business Class,London Heathrow to Munich,August 2021,3.0,2.0,2.0,,1.0,2,no,,
Couple Leisure,Business Class,London Heathrow to Nice,July 2021,3.0,4.0,5.0,,3.0,3,no,,A330
Family Leisure,Economy Class,London to Hong Kong,April 2021,,,,,,1,no,,
Solo Leisure,Premium Economy,Belfast to Budapest via Heathrow,July 2021,1.0,1.0,,,1.0,1,no,,A230
Family Leisure,Business Class,Cancun to Gatwick,July 2021,4.0,5.0,5.0,4.0,4.0,4,yes,4.0,Boeing 777-200
Family Leisure,Business Class,Gatwick to Cancun,July 2021,5.0,5.0,4.0,4.0,4.0,5,yes,4.0,Boeing 777-200
Family Leisure,Economy Class,,July 2021,,,,,,1,no,,
Family Leisure,Economy Class,Bucharest to Toronto via London,July 2021,3.0,3.0,,,1.0,2,no,,
Business,Business Class,Seattle to Bangalore via London,June 2021,3.0,4.0,,,3.0,3,yes,,
Solo Leisure,Business Class,London to Mexico City,June 2021,1.0,2.0,3.0,3.0,3.0,1,no,1.0,Boeing 787
Couple Leisure,Business Class,Preveza to London,June 2021,4.0,3.0,3.0,,5.0,4,yes,,A320
Solo Leisure,Economy Class,London to Accra,June 2021,4.0,4.0,4.0,4.0,4.0,4,yes,,
Couple Leisure,Business Class,London Heathrow to Preveza,May 2021,4.0,4.0,4.0,,5.0,4,yes,,A320
Family Leisure,Economy Class,Durban to Cape Town,January 2021,3.0,3.0,,,3.0,1,no,,
Solo Leisure,Economy Class,Aberdeen to London Heathrow,May 2021,4.0,5.0,4.0,3.0,4.0,4,yes,5.0,A321NEO
Business,Business Class,Malaga to London,April 2021,3.0,3.0,,,4.0,4,yes,,
Solo Leisure,Economy Class,Johannesburg to Cape Town,April 2021,4.0,5.0,4.0,,5.0,4,yes,,Boeing 737-800
Solo Leisure,Economy Class,Gatwick to Cancun,December 2020,2.0,4.0,1.0,3.0,3.0,1,no,,
Couple Leisure,Economy Class,Bridgetown to London,February 2021,1.0,1.0,1.0,,1.0,1,no,,
Family Leisure,Economy Class,Ottawa to Ahmedabad,November 2020,1.0,1.0,,,1.0,1,no,,
Solo Leisure,Economy Class,Antigua to London,January 2021,2.0,2.0,,,1.0,1,no,,
Solo Leisure,Economy Class,Sofia to London Heathrow,December 2020,5.0,5.0,5.0,5.0,5.0,3,no,5.0,
Solo Leisure,Economy Class,Mumbai to London,February 2021,5.0,5.0,5.0,5.0,4.0,5,yes,,
Business,First Class,Mexico City to London Heathrow,January 2021,2.0,5.0,1.0,2.0,3.0,3,no,1.0,Boeing 787-9
Family Leisure,Economy Class,London to Maldives,December 2020,,,,,,1,no,,
Solo Leisure,Economy Class,Heathrow to Belfast,December 2020,5.0,4.0,4.0,,5.0,3,yes,1.0,
Solo Leisure,Economy Class,London to Paris,September 2020,5.0,5.0,,,5.0,5,yes,,
Solo Leisure,Economy Class,London to Cairo,December 2020,5.0,5.0,,,5.0,4,yes,,
Solo Leisure,Premium Economy,London Heathrow to Dubai,July 2020,4.0,1.0,1.0,5.0,5.0,5,no,4.0,A350
Solo Leisure,Business Class,London to Tenerife,December 2020,3.0,5.0,3.0,,4.0,4,yes,5.0,A321
Family Leisure,Economy Class,London Heathrow to Lahore,December 2020,1.0,1.0,1.0,1.0,1.0,1,no,1.0,Boeing 747
Solo Leisure,Economy Class,London to Venice,October 2020,5.0,4.0,3.0,,3.0,5,yes,,
Couple Leisure,Economy Class,Munich to London,November 2019,5.0,5.0,5.0,5.0,5.0,5,yes,5.0,
Family Leisure,Economy Class,London to Bangalore,October 2020,5.0,5.0,1.0,5.0,5.0,2,no,3.0,
Solo Leisure,Business Class,Warsaw to London-Heathrow,September 2020,5.0,5.0,5.0,5.0,4.0,5,yes,5.0,A320neo
Couple Leisure,Economy Class,London to Santorini,August 2020,4.0,4.0,3.0,,1.0,2,no,,A321
Couple Leisure,Economy Class,London to Paris,February 2020,2.0,3.0,2.0,,5.0,1,no,,A321
Business,Economy Class,Berlin to London,August 2020,1.0,1.0,2.0,,2.0,2,no,,A319
Solo Leisure,Economy Class,Newcastle to London Heathrow,July 2020,5.0,5.0,3.0,,5.0,5,yes,,A320
Solo Leisure,Premium Economy,London to Singapore,March 2020,,,,,,1,no,,
Family Leisure,Economy Class,Austin to London,July 2020,,,,,,1,no,,
Solo Leisure,Economy Class,London to Frankfurt,April 2020,,,,,,1,no,,
Business,Economy Class,London Heathrow to Lyon,February 2020,1.0,1.0,,,1.0,1,no,,
Business,Economy Class,London City to Edinburgh,November 2019,3.0,4.0,,,5.0,3,yes,,Embraer 195
Business,First Class,San Francisco to Edinburgh via London,May 2020,,,,,,1,no,,
Business,Business Class,Rome to Los Angeles via London,June 2020,,,,,,1,no,,
Couple Leisure,Economy Class,Chicago to Seville via Miami / Madrid,March 2020,,,,,,1,no,,
Solo Leisure,Premium Economy,London to Tel Aviv,April 2020,,,,,,1,no,,A350
Couple Leisure,Business Class,San Diego to Barcelona via London,December 2019,,,,,,1,no,,
Solo Leisure,Economy Class,Toronto to London,May 2020,,,,,,1,no,,
Family Leisure,Premium Economy,Tokyo to London,March 2020,3.0,2.0,1.0,3.0,2.0,1,no,,
Couple Leisure,Economy Class,Los Angeles to Paris via London,March 2020,3.0,3.0,2.0,3.0,5.0,1,no,,
Couple Leisure,Business Class,London Heathrow to Toronto ,February 2020,5.0,5.0,5.0,5.0,5.0,5,yes,,A350
Couple Leisure,Business Class,Las Vegas to London Heathrow ,February 2020,5.0,5.0,5.0,2.0,5.0,5,yes,,Boeing 747-400
Solo Leisure,Economy Class,Sydney to London via Singapore,March 2020,1.0,1.0,1.0,2.0,1.0,1,no,1.0,
Business,Economy Class,Zurich to London,April 2020,,,,,,1,no,,
Couple Leisure,Business Class,Vienna to London,February 2020,3.0,3.0,,,3.0,1,no,,
Solo Leisure,Economy Class,London-Heathrow to Warsaw,March 2020,5.0,5.0,,,4.0,3,yes,,A321neo
Business,Economy Class,Johannesburg to London,March 2020,2.0,3.0,2.0,1.0,1.0,2,no,1.0,
Business,Economy Class,London to Stockholm,April 2020,,,,,1.0,1,no,,
Solo Leisure,Economy Class,London to Budapest,March 2020,,,,,,1,no,,
Solo Leisure,Business Class,Nashville to London via Chicago,March 2020,3.0,5.0,4.0,,3.0,1,no,,Boeing 747
Solo Leisure,Economy Class,Vancouver to London,March 2020,,,,,1.0,1,no,,
Family Leisure,Economy Class,London to Marrakesh,August 2019,,,,,,1,no,,
Couple Leisure,Economy Class,Seattle to Heathrow,March 2020,,,,,,5,no,,Boeing 777
Couple Leisure,Premium Economy,Mumbai to London Heathrow,March 2020,5.0,5.0,4.0,2.0,5.0,5,yes,,
Business,Economy Class,London to Valencia,March 2020,,,,,,1,no,,
Couple Leisure,Economy Class,London Gatwick to Funchal,March 2020,1.0,4.0,,,1.0,1,no,,
Business,Business Class,Chicago to London Heathrow,March 2020,1.0,1.0,1.0,1.0,1.0,1,no,1.0,Boeing 747-400
Business,Business Class,London to New York JFK,February 2020,1.0,1.0,1.0,1.0,1.0,1,no,1.0,Boeing 747-400
Solo Leisure,Economy Class,London to Madrid,March 2020,,,,,,1,no,,
Business,Economy Class,Frankfurt to Buenos Aires via London,October 2019,2.0,3.0,3.0,2.0,1.0,1,no,,
Business,Business Class,London to Paris CDG,March 2020,,,,,,1,no,,
Couple Leisure,Economy Class,London City to Berlin,March 2020,,,,,1.0,1,no,,
Solo Leisure,Economy Class,London to Beijing,January 2020,3.0,5.0,4.0,5.0,4.0,4,yes,,Boeing 787
Family Leisure,Economy Class,Hong Kong to London,January 2020,5.0,5.0,5.0,3.0,5.0,5,yes,,A380
Couple Leisure,Economy Class,Mumbai to London,March 2020,4.0,5.0,5.0,4.0,5.0,5,yes,,Boeing 777-200
Couple Leisure,Economy Class,London to Delhi,February 2020,4.0,5.0,5.0,4.0,2.0,4,yes,,Boeing 777-200
Business,Business Class,Paris to London,February 2020,1.0,4.0,,,1.0,1,no,,A319
Solo Leisure,Economy Class,Singapore to London,February 2020,3.0,3.0,3.0,3.0,1.0,1,no,,
Solo Leisure,Economy Class,Gatwick to Malaga,February 2020,2.0,3.0,1.0,,3.0,3,no,,
Solo Leisure,Premium Economy,Vancouver to London,February 2020,4.0,5.0,5.0,5.0,4.0,5,yes,,Boeing 747-400
Business,Business Class,London to Seattle,February 2020,,,,,,1,no,,Boeing 787
Solo Leisure,First Class,London Heathrow to Nairobi,February 2020,3.0,5.0,1.0,3.0,2.0,3,no,,Boeing 777
Couple Leisure,Premium Economy,Dubai to London,February 2020,1.0,1.0,1.0,,1.0,1,no,,
Couple Leisure,Business Class,London to Cape Town,February 2020,4.0,2.0,1.0,3.0,3.0,3,no,,
Solo Leisure,Economy Class,Rio de Janeiro to London ,February 2020,1.0,3.0,1.0,1.0,1.0,2,no,,Boeing 787
Solo Leisure,Economy Class,Johannesburg to Dublin via London,February 2020,1.0,1.0,,,1.0,1,no,,
Couple Leisure,Business Class,Las Vegas to Paris via London,February 2020,1.0,4.0,3.0,1.0,4.0,1,no,,Boeing 747-400
Couple Leisure,Economy Class,Geneva to Gatwick,January 2020,,,,,1.0,1,no,,A320
Solo Leisure,Economy Class,Mexico City to Manchester via London,January 2020,5.0,5.0,4.0,5.0,5.0,4,yes,,
Solo Leisure,Business Class,London Heathrow to Sofia,October 2019,4.0,4.0,4.0,,5.0,4,yes,2.0,A321
Solo Leisure,Economy Class,Manchester to Melbourne via London / Singapore,July 2019,2.0,3.0,2.0,,1.0,1,no,,
Business,Business Class,Madrid to London ,January 2020,2.0,3.0,2.0,1.0,3.0,2,no,1.0,A321neo
Family Leisure,Economy Class,Prague to London,January 2020,5.0,5.0,,,3.0,5,yes,3.0,A320
Couple Leisure,Business Class,Johannesburg to London,January 2020,3.0,4.0,3.0,3.0,3.0,3,yes,,A380-800
Business,Business Class,Las Vegas to Gatwick,January 2020,2.0,2.0,2.0,4.0,4.0,1,no,,Boeing 777-200
Business,Business Class,San Diego to Stockholm via London,January 2020,5.0,5.0,5.0,3.0,1.0,3,no,1.0,Boeing 747-400
Couple Leisure,Business Class,Cape Town to Johannesburg,January 2020,4.0,4.0,3.0,,4.0,4,yes,,A320
Solo Leisure,Economy Class,New York to London Heathrow via Copenhagen ,December 2019,5.0,5.0,5.0,5.0,5.0,5,yes,1.0,
Business,Business Class,Phoenix to London,January 2020,3.0,5.0,4.0,4.0,3.0,5,yes,,Boeing 787-9
Solo Leisure,Economy Class,London Heathrow to Bangkok,January 2020,2.0,4.0,4.0,1.0,4.0,2,no,1.0,Boeing 777-200
Solo Leisure,Economy Class,Mumbai to Boston via London,January 2020,2.0,5.0,5.0,2.0,1.0,3,yes,1.0,Boeing 777-200ER
Family Leisure,Economy Class,"Orlando, Florida to Accra, Ghana",December 2019,1.0,1.0,1.0,1.0,1.0,1,no,1.0,
Solo Leisure,Economy Class,Toronto to Geneva via London,January 2020,4.0,5.0,4.0,3.0,4.0,3,yes,,Boeing 787 / A320
Solo Leisure,First Class,Hong Kong to London,January 2020,4.0,5.0,5.0,4.0,4.0,4,yes,,Boeing 777-300
Business,Economy Class,San Jose to Amsterdam via London,January 2020,1.0,1.0,2.0,3.0,2.0,3,no,,Boeing 787
Couple Leisure,Business Class,Singapore to Paris via London,January 2020,3.0,4.0,4.0,4.0,1.0,2,no,,Boeing 777
Solo Leisure,Economy Class,Warsaw to London,January 2020,5.0,5.0,5.0,,4.0,5,yes,,A321neo
Family Leisure,Economy Class,New York  to London Heathrow,January 2020,4.0,5.0,3.0,4.0,5.0,4,yes,,Boeing 747-400
Family Leisure,Economy Class,London to Los Angeles,December 2019,2.0,1.0,2.0,,1.0,3,no,1.0,
Couple Leisure,Business Class,Johannesburg to Cape Town,January 2020,3.0,3.0,3.0,,4.0,4,yes,,Boeing 737-800
Business,Business Class,London to Bangkok,January 2020,2.0,1.0,1.0,,2.0,2,no,,
Couple Leisure,Business Class,London to Johannesburg,January 2020,4.0,4.0,4.0,3.0,4.0,4,yes,2.0,A380
Solo Leisure,Economy Class,Boston to Mumbai via London,December 2019,2.0,5.0,4.0,2.0,1.0,5,yes,,Boeing 777-200 / 747-400
Couple Leisure,Business Class,Los Angeles to London,January 2020,1.0,1.0,1.0,,1.0,1,no,,
Solo Leisure,Premium Economy,Gatwick to Cancun,January 2020,3.0,1.0,1.0,2.0,3.0,2,no,1.0,
Solo Leisure,Business Class,London Gatwick to Glasgow,January 2020,4.0,5.0,4.0,,5.0,4,yes,,A320
Solo Leisure,Business Class,Rio De Janeiro to London Heathrow,December 2019,5.0,5.0,5.0,,4.0,5,yes,,Boeing 787-8
Business,Business Class,Gatwick to Tirana,January 2020,1.0,3.0,2.0,1.0,4.0,2,yes,5.0,A320
Couple Leisure,Business Class,Keflavik to London Heathrow,January 2020,3.0,5.0,5.0,,4.0,5,yes,,A320
Couple Leisure,Economy Class,London Heathrow to Vancouver,January 2020,1.0,3.0,1.0,1.0,2.0,1,no,1.0,
Couple Leisure,Economy Class,Tokyo to London Heathrow,January 2020,2.0,1.0,1.0,1.0,5.0,1,no,1.0,
Couple Leisure,Business Class,London to Hong Kong,December 2019,3.0,4.0,3.0,4.0,1.0,3,no,,A380
Family Leisure,Business Class,Los Angeles to London Heathrow,January 2020,1.0,3.0,2.0,2.0,1.0,1,no,1.0,Boeing 747
Solo Leisure,Economy Class,Istanbul to London,January 2020,2.0,2.0,,,1.0,1,no,,A320
Solo Leisure,Economy Class,London to Bucharest,December 2019,2.0,2.0,1.0,,1.0,1,no,,
Solo Leisure,Business Class,London to Rio De Janeiro,December 2019,5.0,5.0,5.0,5.0,4.0,5,yes,2.0,Boeing 787-9
Family Leisure,Economy Class,London to Athens,December 2019,3.0,1.0,1.0,,3.0,4,no,,A321neo
Solo Leisure,Economy Class,Copenhagen to London,December 2019,2.0,1.0,1.0,,1.0,1,no,,
Solo Leisure,Economy Class,Budapest to Billund via London,December 2019,3.0,3.0,2.0,1.0,4.0,3,yes,,A320
Solo Leisure,Economy Class,Cape Town to Brussels via London,December 2019,3.0,5.0,4.0,3.0,4.0,4,yes,3.0,
Solo Leisure,Economy Class,Sydney to Toulouse via Singapore / London,December 2019,5.0,5.0,5.0,2.0,4.0,5,yes,1.0,Boeing 777-300ER
Solo Leisure,Business Class,Sofia to London,October 2019,3.0,4.0,4.0,,3.0,4,yes,,A321neo
Couple Leisure,Business Class,Edinburgh to Barbados via Gatwick,December 2019,5.0,5.0,5.0,5.0,5.0,5,yes,,
Solo Leisure,Economy Class,London to Munich,December 2019,2.0,1.0,,,1.0,1,no,,A320
Family Leisure,Economy Class,Hong Kong to London,December 2019,,,,,,2,no,,
Couple Leisure,Economy Class,London to Paris,August 2019,2.0,2.0,,,1.0,1,no,,
Business,Economy Class,New York to London,December 2019,2.0,2.0,1.0,1.0,5.0,5,no,,Boeing 777 - 200
Family Leisure,Premium Economy,Austin to London,October 2019,,,,,,1,no,,
Couple Leisure,Economy Class,Frankfurt to London,December 2019,1.0,1.0,1.0,1.0,1.0,1,no,1.0,
Solo Leisure,Economy Class,London to Glasgow,December 2019,1.0,1.0,1.0,1.0,1.0,1,no,1.0,
Business,Business Class,London to San Francisco ,December 2019,3.0,5.0,4.0,4.0,5.0,4,yes,5.0,Boeing 747-400
Couple Leisure,Economy Class,Heathrow to Belfast,December 2019,2.0,5.0,5.0,,1.0,3,no,,A319
Solo Leisure,Business Class,London to Singapore,October 2019,4.0,5.0,5.0,1.0,5.0,5,yes,1.0,A380
Business,Economy Class,Toulouse to London,November 2019,1.0,1.0,,,3.0,1,no,,
Solo Leisure,Business Class,London Heathrow to Stockholm,November 2019,3.0,5.0,5.0,,5.0,4,yes,,A319
Family Leisure,Economy Class,Johannesburg to London,November 2019,1.0,3.0,3.0,3.0,2.0,1,no,,A380
Couple Leisure,Business Class,Johannesburg to London,December 2019,3.0,3.0,3.0,3.0,3.0,4,yes,,A380
Solo Leisure,First Class,London Heathrow to Miami,November 2019,4.0,5.0,5.0,5.0,5.0,5,yes,1.0,Boeing 747-400
Solo Leisure,Business Class,Stockholm to London Heathrow,November 2019,3.0,5.0,5.0,,5.0,4,yes,,A319
Couple Leisure,Economy Class,London to Sydney via Singapore,November 2019,3.0,4.0,4.0,2.0,3.0,4,yes,,Boeing 777-300
Couple Leisure,Business Class,London to New York JFK,November 2019,1.0,4.0,3.0,1.0,1.0,1,no,,Boeing 747-400
Solo Leisure,Business Class,Gatwick to Bridgetown,December 2019,3.0,2.0,3.0,3.0,3.0,2,no,,Boeing 777-200
Business,Business Class,Brussels to Bangkok via London,November 2019,4.0,2.0,2.0,3.0,4.0,3,no,,Boeing 777
Business,Economy Class,San Francisco to Oslo via London,November 2019,1.0,2.0,2.0,,1.0,1,no,,Boeing 777-200
Couple Leisure,Economy Class,Los Angeles to Berlin via London,November 2019,3.0,1.0,,,1.0,1,no,,
Couple Leisure,Business Class,London to Johannesburg ,November 2019,3.0,3.0,3.0,3.0,3.0,3,yes,,A380
Business,Premium Economy,London to Bangalore,November 2019,4.0,4.0,2.0,,2.0,2,no,,
Solo Leisure,Economy Class,London to Sydney via Singapore,November 2019,5.0,5.0,3.0,,5.0,5,yes,,
Solo Leisure,Economy Class,Lisbon to London,November 2019,1.0,,,,1.0,1,no,,
Solo Leisure,Economy Class,London Heathrow to Glasgow,November 2019,4.0,3.0,,,4.0,2,no,,
Family Leisure,Economy Class,doha to londonDoha to London,November 2019,5.0,5.0,4.0,4.0,5.0,5,yes,,Boeing 787-9
Family Leisure,Economy Class,London to Buenos Aires,November 2019,2.0,3.0,2.0,1.0,3.0,2,no,1.0,
Couple Leisure,Economy Class,San Francisco to London,November 2019,4.0,2.0,3.0,2.0,3.0,3,no,,A380
Business,Business Class,Sydney to Singapore,November 2019,1.0,1.0,1.0,1.0,2.0,1,no,1.0,Boeing 777-300
Family Leisure,Economy Class,London to Mauritius,November 2019,1.0,4.0,1.0,1.0,1.0,2,no,1.0,Boeing 777
Business,Business Class,Los Angeles to Amsterdam via London,November 2019,5.0,5.0,5.0,5.0,5.0,5,yes,5.0,
Solo Leisure,Economy Class,London to Vancouver,November 2019,2.0,2.0,2.0,1.0,2.0,3,no,,Boeing 747-400
Couple Leisure,Economy Class,New York to Paris via London,November 2019,1.0,1.0,1.0,1.0,1.0,1,no,2.0,Boeing 747-400
Couple Leisure,Business Class,London Heathrow to Lisbon,November 2019,4.0,1.0,2.0,,5.0,2,no,,A320
Solo Leisure,Economy Class,London to Boston,November 2019,4.0,4.0,4.0,4.0,4.0,3,yes,1.0,Boeing 777
Business,Economy Class,Tirana to London ,November 2019,4.0,5.0,3.0,5.0,5.0,5,yes,5.0,A320
Solo Leisure,Economy Class,Gatwick to St Lucia,November 2019,5.0,5.0,5.0,5.0,5.0,5,yes,,Boeing 747-400
Family Leisure,Economy Class,London to Singapore,November 2019,4.0,5.0,4.0,5.0,5.0,4,yes,,
Solo Leisure,Economy Class,London to San Francisco,November 2019,1.0,4.0,3.0,2.0,4.0,2,no,,
Couple Leisure,Business Class,Gatwick to Venice,September 2019,4.0,5.0,4.0,,5.0,4,yes,,A320
Couple Leisure,Economy Class,Bordeaux to Gatwick,September 2019,,,,,,1,no,,
Couple Leisure,Business Class,Seychelles to London,October 2019,5.0,5.0,5.0,5.0,4.0,5,yes,,Boeing 787-9
Couple Leisure,Economy Class,London to Belfast,October 2019,3.0,2.0,,,1.0,2,no,,A320
Business,Premium Economy,London to Cape Town,October 2019,,,,,1.0,1,no,,
Couple Leisure,Business Class,San Jose to London,October 2019,2.0,4.0,4.0,1.0,3.0,2,no,,Boeing 787
Solo Leisure,Economy Class,London Heathrow to Edinburgh,October 2019,1.0,3.0,1.0,,3.0,3,yes,,A321neo
Family Leisure,Economy Class,Gatwick to Barbados,October 2019,4.0,4.0,4.0,5.0,5.0,5,yes,5.0,Boeing 777-200
Couple Leisure,Economy Class,Toronto to London,October 2019,3.0,5.0,5.0,5.0,5.0,5,yes,,Boeing 777
Solo Leisure,Economy Class,Jeddah to London,October 2019,1.0,1.0,1.0,5.0,1.0,1,no,,
Business,Economy Class,Zurich to London,October 2019,1.0,1.0,,,2.0,3,no,,
Couple Leisure,Business Class,San Francisco to London,October 2019,5.0,5.0,5.0,4.0,5.0,4,yes,,A380
Solo Leisure,Business Class,London to Belfast,October 2019,5.0,5.0,5.0,,5.0,5,yes,,A319
Couple Leisure,Economy Class,London Gatwick to Salzburg ,April 2019,2.0,3.0,3.0,2.0,2.0,2,no,2.0,
Business,Economy Class,Frankfurt to London,October 2019,1.0,4.0,2.0,,1.0,1,no,,
Business,Economy Class,Hyderabad to San Francisco via London,October 2019,3.0,5.0,2.0,3.0,3.0,3,no,,
Business,Business Class,Vancouver to London,October 2019,4.0,1.0,1.0,4.0,3.0,2,no,,Boeing 747-400
Solo Leisure,Economy Class,London to Malaga,October 2019,1.0,1.0,,,1.0,1,no,,A320
Business,Economy Class,Brussels to London,October 2019,4.0,4.0,,,1.0,2,no,,A320
Couple Leisure,Premium Economy,London to Singapore,October 2019,1.0,1.0,1.0,,3.0,1,no,,Boeing 777
Solo Leisure,Premium Economy,Kuala Lumpur to Glasgow via London,October 2019,5.0,1.0,2.0,3.0,2.0,1,no,,Boeing 787
Couple Leisure,Business Class,London Heathrow to Seychelles,October 2019,5.0,5.0,5.0,5.0,5.0,5,yes,,Boeing 787-900
Couple Leisure,Economy Class,Edinburgh to London Heathrow,October 2019,3.0,3.0,,,1.0,1,no,,
Couple Leisure,Economy Class,Amman to London,September 2019,4.0,4.0,4.0,4.0,4.0,4,yes,,A321
Business,Economy Class,London to Athens,October 2019,3.0,2.0,,,4.0,2,no,,A320
Couple Leisure,Economy Class,New York JFK to London,October 2019,1.0,2.0,1.0,1.0,1.0,1,no,,Boeing 777
Couple Leisure,Premium Economy,Buenos Aires to London Heathrow,September 2019,1.0,3.0,1.0,1.0,4.0,1,no,,Boeing 777-200
Solo Leisure,Economy Class,Mexico City to Barcelona via London Heathrow,September 2019,5.0,4.0,4.0,4.0,4.0,3,yes,,"Boeing 787-9, A320-200"
Couple Leisure,Economy Class,Bari to London Gatwick,September 2019,4.0,5.0,4.0,,4.0,5,yes,,A319
Couple Leisure,Premium Economy,Abu Dhabi to London Heathrow,September 2019,1.0,3.0,1.0,,4.0,1,no,,Boeing 787
Couple Leisure,Economy Class,London Heathrow to Abu Dhabi,October 2019,5.0,5.0,5.0,4.0,5.0,4,yes,3.0,Boeing 787-900
Couple Leisure,Economy Class,Johannesburg to Amsterdam via London,September 2019,4.0,5.0,1.0,1.0,1.0,2,no,2.0,
Business,Business Class,Dubai to London Heathrow,September 2019,5.0,5.0,5.0,3.0,5.0,4,yes,4.0,A350
Solo Leisure,Economy Class,Istanbul to New York via London,October 2019,3.0,3.0,3.0,3.0,1.0,1,no,,
Couple Leisure,Economy Class,Rome to London Heathrow,October 2019,2.0,5.0,5.0,,5.0,5,yes,,
Business,Economy Class,London to Athens,October 2019,1.0,3.0,,,1.0,1,no,,A320
Solo Leisure,Economy Class,London Heathrow to Newcastle,October 2019,4.0,4.0,,,5.0,4,yes,,A320
Solo Leisure,Economy Class,Calgary to Gothenburg via London,September 2019,1.0,4.0,3.0,4.0,4.0,3,yes,,
Family Leisure,Economy Class,Kuala Lumpur to London,October 2019,5.0,5.0,5.0,5.0,5.0,5,yes,,Boeing 787-9
Couple Leisure,Business Class,Austin to London,October 2019,3.0,3.0,3.0,,3.0,4,yes,,Boeing 747
Couple Leisure,Premium Economy,London to Kuala Lumpur,August 2019,5.0,4.0,3.0,4.0,4.0,4,yes,4.0,Boeing 787
Couple Leisure,Premium Economy,Newark to Madrid via London,October 2019,3.0,3.0,1.0,3.0,3.0,3,no,1.0,
Couple Leisure,Business Class,Kos to Gatwick,October 2019,4.0,3.0,2.0,,1.0,3,no,2.0,
Business,Business Class,Gatwick to Alicante,September 2019,5.0,5.0,5.0,5.0,2.0,5,yes,,A320
Solo Leisure,Premium Economy,Vancouver to London,September 2019,5.0,5.0,4.0,4.0,4.0,4,yes,,A380
Couple Leisure,Economy Class,Gatwick to Alicante,September 2019,1.0,3.0,,,3.0,1,no,,
Couple Leisure,Business Class,London Heathrow to Austin,September 2019,4.0,5.0,4.0,2.0,3.0,5,yes,,Boeing 747
Couple Leisure,Business Class,London Heathrow to Austin,September 2019,4.0,4.0,4.0,1.0,4.0,4,yes,,Boeing 747
Couple Leisure,Economy Class,London Gatwick to Jersey,September 2019,,,,,,1,no,,
Couple Leisure,Business Class,Cephalonia to London ,September 2019,3.0,4.0,4.0,,3.0,3,yes,4.0,A320
Family Leisure,Economy Class,Chicago to Zurich via London,August 2019,1.0,4.0,1.0,1.0,1.0,3,no,,A380
Solo Leisure,Business Class,Glasgow to London,September 2019,4.0,5.0,5.0,,5.0,5,yes,,
Solo Leisure,Economy Class,London Heathrow to Berlin Tegel,September 2019,5.0,5.0,3.0,,3.0,5,yes,,A321
Couple Leisure,Business Class,London to Milan,September 2019,1.0,1.0,,,1.0,1,no,,
Business,Economy Class,London to Geneva,September 2019,4.0,2.0,1.0,,4.0,2,no,,EMB190
Couple Leisure,Business Class,Los Angeles to Istanbul via London,September 2019,2.0,4.0,1.0,,1.0,1,no,,
Family Leisure,Premium Economy,Phoenix to Tel Aviv via London,August 2019,3.0,5.0,3.0,3.0,1.0,1,no,1.0,
Couple Leisure,Business Class,London to Kefalonia ,September 2019,3.0,2.0,2.0,,3.0,3,no,,A320
Solo Leisure,Economy Class,London to Dublin,September 2019,2.0,5.0,,,1.0,3,no,,
Couple Leisure,Business Class,Hong Kong to London,September 2019,3.0,4.0,1.0,1.0,1.0,1,no,,
Couple Leisure,Economy Class,Gatwick to Seville,September 2019,3.0,3.0,,,1.0,1,no,,
Business,Economy Class,London Heathrow to Abuja Nigeria,September 2019,3.0,4.0,1.0,1.0,1.0,2,no,,Boeing 777-200
Solo Leisure,Economy Class,London to Bangkok,September 2019,2.0,3.0,4.0,1.0,4.0,3,no,,Boeing 777-300
Couple Leisure,Business Class,Belfast to San Francisco via London,August 2019,5.0,5.0,5.0,5.0,5.0,5,yes,,Boeing 747-400
Couple Leisure,Economy Class,London to Gothenburg,September 2019,4.0,4.0,,,4.0,4,yes,,A319
Family Leisure,Business Class,Orlando to Gatwick,July 2019,1.0,1.0,1.0,,1.0,1,no,,
Solo Leisure,Business Class,Mahe to Stockholm via London ,September 2019,1.0,2.0,2.0,4.0,1.0,2,no,,Boeing 787 / A320
Couple Leisure,Business Class,Glasgow to Tampa via Gatwick,September 2019,4.0,5.0,3.0,3.0,5.0,4,yes,,A319 / Boeing777
Family Leisure,Economy Class,Orlando to Gatwick,September 2019,2.0,3.0,1.0,4.0,3.0,1,no,,Boeing 777-200
Family Leisure,Economy Class,London to Abu Dhabi,August 2019,3.0,4.0,5.0,5.0,4.0,4,yes,,Boeing 787
Couple Leisure,Business Class,London to St Petersburgh,August 2019,1.0,3.0,1.0,,5.0,1,no,,A320
Business,Premium Economy,Sydney to London via Singapore,May 2019,4.0,2.0,1.0,2.0,4.0,3,no,3.0,Boeing 777
Couple Leisure,Business Class,London to Johannesburg,September 2019,1.0,1.0,,,1.0,1,no,,A380
Family Leisure,Business Class,Palma de Mallorca to London Heathrow,August 2019,1.0,3.0,2.0,,3.0,1,no,,
Family Leisure,Economy Class,Chennai to London,August 2019,5.0,5.0,4.0,4.0,5.0,5,yes,,
Solo Leisure,Economy Class,Edinburgh to Kuala Lumpur via London,July 2019,5.0,5.0,5.0,5.0,5.0,5,yes,,
Business,Business Class,London City to Amsterdam,July 2019,3.0,3.0,,,1.0,1,no,,
Solo Leisure,Economy Class,Dublin to Mauritius via London,February 2019,,,,,,1,no,,
Family Leisure,First Class,London to Shanghai,August 2019,5.0,5.0,4.0,3.0,5.0,5,yes,3.0,Boeing 777-200
Business,Business Class,Chicago to Heathrow via Barcelona,August 2019,3.0,3.0,3.0,4.0,1.0,3,no,4.0,
Family Leisure,Economy Class,New Orleans to London,November 2018,5.0,5.0,5.0,5.0,5.0,5,yes,5.0,
Family Leisure,Premium Economy,Boston to Copenhagen via London,June 2019,1.0,1.0,1.0,1.0,1.0,1,no,1.0,Boeing 747
Couple Leisure,Economy Class,Hong Kong to Copenhagen via London ,August 2019,3.0,2.0,,,1.0,2,no,,
Business,Business Class,London Gatwick to San Jose Costa Rica,July 2019,1.0,3.0,4.0,1.0,5.0,1,no,1.0,Boeing 777-200
Solo Leisure,Economy Class,London to Dubai,August 2019,3.0,4.0,3.0,3.0,1.0,3,no,,Boeing 777
Family Leisure,Business Class,Toronto to Pisa London Heathrow,August 2019,4.0,5.0,5.0,5.0,5.0,5,yes,,"A340-300, A320"
Family Leisure,Economy Class,London Heathrow to Venice Marco Polo,August 2019,4.0,5.0,,,4.0,4,yes,4.0,A320
Couple Leisure,Premium Economy,Chicago to London,August 2019,2.0,4.0,2.0,2.0,1.0,3,no,4.0,
Family Leisure,Economy Class,London to Larnaca,August 2019,1.0,3.0,,,2.0,1,no,,A321neo
Family Leisure,Economy Class,Gatwick to Orlando,July 2019,4.0,5.0,4.0,4.0,5.0,4,yes,,Boeing 777-200
Family Leisure,Economy Class,London to Munich,August 2019,4.0,4.0,,,2.0,3,yes,,A320
Business,Economy Class,London to Glasgow,June 2019,2.0,2.0,3.0,,1.0,1,no,,
Business,Business Class,London to Hong Kong,August 2019,1.0,5.0,3.0,3.0,4.0,1,no,,
Solo Leisure,Economy Class,Vienna to Heathrow,July 2019,4.0,5.0,5.0,3.0,5.0,4,yes,,A320
Couple Leisure,Business Class,Malaga to London ,August 2019,1.0,2.0,2.0,1.0,1.0,1,no,1.0,A321
Couple Leisure,Business Class,Sydney to Singapore,August 2019,1.0,4.0,3.0,3.0,1.0,1,no,1.0,
Solo Leisure,Economy Class,London Heathrow to Inverness,August 2019,2.0,3.0,,,1.0,1,no,,
Solo Leisure,Economy Class,Heathrow to Glasgow,August 2019,1.0,1.0,,,1.0,1,no,,
Solo Leisure,Economy Class,Inverness to Vancouver via London,August 2019,2.0,2.0,1.0,1.0,1.0,1,no,1.0,
Couple Leisure,Economy Class,London Heathrow to Brussels,August 2019,2.0,4.0,2.0,1.0,1.0,1,no,,
Solo Leisure,Economy Class,London to Nice,August 2019,,,,,1.0,1,no,,
Couple Leisure,Business Class,Palma to London Heathrow,August 2019,1.0,1.0,1.0,1.0,1.0,1,no,1.0,A320
Couple Leisure,Economy Class,London City to Ibiza,August 2019,3.0,2.0,1.0,,2.0,2,no,,
Family Leisure,Economy Class,London to Faro,August 2019,,,,,,1,no,,
Couple Leisure,Economy Class,Calgary to London,July 2019,3.0,1.0,1.0,4.0,5.0,3,no,,
Family Leisure,Economy Class,London Heathrow to Sofia,July 2019,5.0,5.0,4.0,,4.0,4,yes,,A321-200
Solo Leisure,Business Class,Nice to Kuwait via London,July 2019,1.0,1.0,,,1.0,1,no,,
Couple Leisure,Economy Class,Buenos Aires to London Heathrow,July 2019,3.0,5.0,4.0,2.0,4.0,4,yes,,Boeing 777
Family Leisure,Economy Class,Hong Kong to London,July 2019,4.0,3.0,3.0,3.0,2.0,3,yes,2.0,Boeing 777-300ER
Business,Premium Economy,London Heathrow to Las Vegas,July 2019,3.0,4.0,4.0,4.0,1.0,3,no,1.0,
Solo Leisure,Business Class,London Heathrow to Malaga,July 2019,2.0,1.0,1.0,,3.0,1,no,,A320
Business,Economy Class,London to Delhi,June 2019,1.0,1.0,3.0,2.0,3.0,2,no,,B777-200
Solo Leisure,Economy Class,Seattle to Durban via London,July 2019,4.0,5.0,3.0,4.0,5.0,5,yes,,
Family Leisure,Economy Class,London Heathrow to Austin,July 2019,1.0,3.0,1.0,1.0,3.0,2,no,1.0,Boeing 747-400
Business,Business Class,Mykonos to London,July 2019,2.0,1.0,,,1.0,1,no,,A320
Family Leisure,Economy Class,Johannesburg OR Tambo to Cape Town,July 2019,4.0,5.0,5.0,5.0,5.0,5,yes,,Boeing 737-800
Family Leisure,Economy Class,Grenada to Gatwick,July 2019,1.0,4.0,3.0,5.0,4.0,3,yes,,Boeing 777-200
Family Leisure,Economy Class,Prague to London,July 2019,1.0,1.0,,,1.0,1,no,,
Solo Leisure,Premium Economy,London to Dubai,July 2019,5.0,5.0,3.0,5.0,5.0,5,yes,5.0,Boeing 777
Family Leisure,Economy Class,Tel Aviv to Toronto via London,July 2019,4.0,5.0,4.0,4.0,4.0,5,yes,,
Solo Leisure,Business Class,Heathrow to Manchester,July 2019,2.0,3.0,,,1.0,1,no,,A321
Solo Leisure,Business Class,Brussels to Larnaca via London,June 2019,3.0,4.0,4.0,,4.0,4,yes,,A320
Couple Leisure,Business Class,Stockholm to London,July 2019,2.0,1.0,1.0,,3.0,1,no,,A320
Business,Business Class,Toronto to London,July 2019,2.0,1.0,3.0,,1.0,1,no,,
Family Leisure,Premium Economy,Orlando to London,July 2019,3.0,4.0,1.0,3.0,3.0,3,yes,1.0,Boeing 737
Couple Leisure,Business Class,Lisbon to London,July 2019,1.0,1.0,1.0,,2.0,1,no,,A320
Solo Leisure,Economy Class,Heathrow to Marseille,September 2018,1.0,1.0,1.0,1.0,1.0,1,no,1.0,A320
Business,Business Class,Madrid to London,July 2019,3.0,1.0,,,1.0,1,no,,A320
Family Leisure,Economy Class,Gatwick to Glasgow,July 2019,1.0,1.0,,,1.0,1,no,,
Couple Leisure,Economy Class,Frankfurt to London,July 2019,3.0,1.0,,,1.0,1,no,,
Couple Leisure,Economy Class,London to Olbia,July 2019,2.0,1.0,1.0,,2.0,1,no,1.0,
Solo Leisure,Economy Class,Rotterdam to London City,July 2019,3.0,4.0,3.0,,1.0,2,no,,
Business,Economy Class,Dublin to London,July 2019,4.0,4.0,,,4.0,4,yes,,A320 neo
Couple Leisure,Economy Class,Barbados to Gatwick,July 2019,3.0,1.0,1.0,4.0,3.0,3,no,,B777-200
Solo Leisure,Economy Class,London Heathrow to Singapore,June 2019,5.0,5.0,5.0,5.0,5.0,5,yes,,A380
Business,Economy Class,Madrid to London Heathrow,June 2019,1.0,1.0,1.0,,1.0,1,no,,A321
Solo Leisure,Economy Class,London Heathrow to Oslo,June 2019,4.0,5.0,5.0,,4.0,4,yes,,
Business,Economy Class,Hamburg to Abu Dhabi via London Heathrow,June 2019,1.0,2.0,2.0,2.0,1.0,3,no,1.0,A319 / Boeing 789
Solo Leisure,Economy Class,New York to Glasgow via London,June 2019,3.0,3.0,3.0,4.0,3.0,4,yes,,Boeing 777-200 and A319
Family Leisure,Economy Class,London Heathrow to New York ,June 2019,5.0,5.0,5.0,1.0,5.0,5,yes,5.0,
Family Leisure,Business Class,Gatwick to Bermuda,June 2019,4.0,5.0,5.0,5.0,3.0,5,yes,2.0,Boeing 777-200
Couple Leisure,Business Class,London Heathrow to Larnaca,June 2019,4.0,5.0,5.0,,5.0,5,yes,,A320
Couple Leisure,Economy Class,Gatwick to Cagliari,June 2019,3.0,2.0,1.0,,4.0,1,yes,,A320-200
Couple Leisure,Economy Class,Heathrow to Kalamata,June 2019,5.0,4.0,3.0,,3.0,3,yes,,A320
Business,Economy Class,London to Gothenburg,June 2019,,,,,2.0,2,no,,
Solo Leisure,Economy Class,Amsterdam to London,February 2019,,,,,1.0,1,no,,A320
Business,Economy Class,Istanbul to London,June 2019,1.0,4.0,2.0,,4.0,3,yes,,A321 Neo
Family Leisure,Economy Class,Manchester to Kuala Lumpur via London ,October 2018,2.0,2.0,2.0,4.0,3.0,3,no,3.0,A321 / Boeing 787-9
Solo Leisure,Economy Class,London to Dusseldorf,January 2019,3.0,3.0,3.0,,5.0,4,no,,
Solo Leisure,Business Class,London to Seoul ,June 2019,1.0,1.0,2.0,1.0,1.0,1,no,1.0,Boeing 787
Solo Leisure,Economy Class,London to Vancouver,June 2019,2.0,4.0,4.0,2.0,3.0,3,no,1.0,A380
Solo Leisure,Economy Class,Newcastle to Delhi via London,June 2019,2.0,2.0,2.0,1.0,1.0,1,no,,
Business,Business Class,Miami to Delhi via London Heathrow,June 2019,1.0,3.0,3.0,,2.0,1,no,,Boeing 747
Solo Leisure,Economy Class,London to Sydney via Singapore,June 2019,3.0,3.0,1.0,5.0,1.0,2,no,,
Couple Leisure,Economy Class,Phoenix to Amsterdam via London,May 2019,1.0,3.0,1.0,1.0,4.0,3,no,,
Solo Leisure,Economy Class,Tel Aviv to New York via London,June 2019,3.0,4.0,1.0,5.0,3.0,3,no,,Boeing 777 / 747
Solo Leisure,Economy Class,Belfast  to Atlanta via London,April 2019,3.0,4.0,2.0,3.0,3.0,2,no,,A319 / Boeing 777
Family Leisure,Economy Class,Buenos Aires to London,June 2019,5.0,5.0,,5.0,5.0,5,yes,,
Business,Business Class,London to Nashville,May 2019,1.0,1.0,1.0,1.0,1.0,1,no,1.0,Boeing 787-9
Solo Leisure,First Class,London to Washington,June 2019,5.0,5.0,5.0,3.0,5.0,5,yes,,B747-400 in retro
Couple Leisure,Economy Class,Newcastle to Berlin via London,June 2019,3.0,3.0,,,1.0,1,no,,
Family Leisure,Economy Class,Gatwick to Madrid,May 2019,2.0,2.0,,,1.0,1,no,,
Couple Leisure,Economy Class,London to Tampa,May 2019,1.0,1.0,1.0,1.0,1.0,1,no,,
Business,Economy Class,London to Bengaluru,June 2019,4.0,3.0,4.0,3.0,3.0,4,yes,3.0,
Couple Leisure,First Class,London to Delhi,May 2019,4.0,5.0,4.0,4.0,4.0,4,yes,3.0,
Couple Leisure,Economy Class,London Heathrow to Dubai,May 2019,,,,,,1,no,,
Couple Leisure,Economy Class,London to Seattle,May 2019,4.0,5.0,4.0,,5.0,5,yes,,Boeing 747
Couple Leisure,Economy Class,Johannesburg to London,May 2019,3.0,4.0,3.0,5.0,4.0,5,no,,
Business,Economy Class,London to Milan,May 2019,3.0,5.0,3.0,,4.0,3,yes,,A319/A320
Couple Leisure,Business Class,Durban to Leeds via Johannesburg / Heathrow,May 2019,4.0,5.0,5.0,5.0,5.0,5,yes,,B737-400 / A380 / A319
Couple Leisure,Business Class,London Heathrow to Los Angeles,May 2019,4.0,5.0,5.0,5.0,5.0,4,yes,,Boeing 787
Couple Leisure,Business Class,Cape Town to London Heathrow,May 2019,3.0,4.0,4.0,3.0,4.0,3,yes,,Boeing 744
Business,Economy Class,Sofia to Belfast via London,May 2019,1.0,1.0,1.0,,1.0,1,no,,A321
Couple Leisure,Economy Class,Lima to Gatwick,May 2019,2.0,4.0,4.0,1.0,4.0,3,no,,Boeing 777-200
Solo Leisure,Economy Class,Inverness to Auckland via Singapore,May 2019,1.0,5.0,4.0,4.0,4.0,2,no,1.0,
Solo Leisure,Business Class,Heathrow to Singapore,May 2019,3.0,3.0,2.0,4.0,3.0,3,no,,
Business,Economy Class,Lyon to London,May 2019,4.0,3.0,2.0,,1.0,3,no,,
Couple Leisure,Economy Class,Gatwick to Barbados,May 2019,3.0,1.0,2.0,4.0,3.0,3,no,,Boeing 777-200
Couple Leisure,Economy Class,Marseille to London,May 2019,3.0,1.0,3.0,,1.0,2,no,,
Family Leisure,Business Class,London to Chennai,May 2019,4.0,5.0,5.0,5.0,5.0,4,yes,,
Solo Leisure,Economy Class,Gatwick to Malaga,May 2019,5.0,5.0,4.0,,4.0,5,yes,,A320
Solo Leisure,Economy Class,Boston to London Heathrow,May 2019,4.0,4.0,3.0,3.0,4.0,4,yes,,A380 / Boeing 777
Couple Leisure,First Class,London to Cape Town,May 2019,4.0,4.0,4.0,3.0,3.0,3,yes,,Boeing 747-400
Couple Leisure,Economy Class,New York to Heathrow ,May 2019,3.0,5.0,3.0,5.0,2.0,3,yes,,
Business,Economy Class,London to Aberdeen,May 2019,2.0,2.0,,,1.0,1,no,,A321
Business,Business Class,Gatwick to Dubrovnik,May 2019,1.0,3.0,,,1.0,1,no,,A319
Couple Leisure,Premium Economy,London to Shanghai,March 2019,1.0,1.0,1.0,1.0,1.0,1,no,,
Business,Business Class,Faro to Heathrow,May 2019,3.0,4.0,4.0,,1.0,2,no,,A320
Couple Leisure,Economy Class,Vancouver to London,May 2019,4.0,5.0,4.0,3.0,4.0,4,yes,4.0,A380
Couple Leisure,Business Class,Gatwick to Tenerife,May 2019,1.0,4.0,1.0,,1.0,1,no,,
Business,First Class,Washington to London,May 2019,4.0,4.0,4.0,4.0,3.0,4,yes,1.0,Boeing 747 400
Solo Leisure,Economy Class,Rome Fiumicino to London City,May 2019,5.0,5.0,5.0,,5.0,5,yes,,Embraer
Business,Business Class,London to Shanghai,April 2019,2.0,1.0,1.0,1.0,3.0,2,no,,Boeing 777-200
Couple Leisure,Economy Class,Seattle to London,May 2019,3.0,5.0,2.0,2.0,1.0,1,no,,
Business,Economy Class,London City to Zurich,April 2019,5.0,5.0,5.0,,4.0,5,yes,,
Couple Leisure,Economy Class,Bucharest to London,April 2019,3.0,3.0,,,1.0,1,no,,
Solo Leisure,Business Class,London to Calgary,December 2018,5.0,5.0,5.0,5.0,1.0,5,yes,,Boeing 787
Couple Leisure,Business Class,Vancouver to London,April 2019,5.0,5.0,5.0,5.0,5.0,5,yes,,Boeing 747
Couple Leisure,Business Class,Miami to London Heathrow,April 2019,4.0,5.0,4.0,3.0,4.0,4,yes,,
Solo Leisure,Economy Class,Houston to London Heathrow,April 2019,2.0,1.0,1.0,,2.0,2,no,,
Business,Business Class,London to Delhi,April 2019,2.0,2.0,2.0,2.0,3.0,2,no,,
Business,Economy Class,Bucharest to London,April 2019,2.0,2.0,,,1.0,1,no,,
Couple Leisure,Economy Class,London Heathrow to Bengaluru,April 2019,3.0,5.0,4.0,2.0,5.0,5,yes,,Boeing 777-200/300
Business,Business Class,Madrid to London,April 2019,1.0,1.0,,,1.0,1,no,,
Solo Leisure,Economy Class,Dublin to London Heathrow,April 2019,4.0,3.0,1.0,,4.0,3,yes,,A319
Business,Business Class,London to Seattle,April 2019,4.0,2.0,3.0,3.0,3.0,2,no,,Boeing 747-400
Family Leisure,Business Class,London to Gibraltar,April 2019,4.0,5.0,5.0,,4.0,5,yes,,A320
Business,Business Class,London to Boston,March 2019,2.0,3.0,4.0,1.0,4.0,2,no,,Boeing 747
Family Leisure,Business Class,London to Doha,April 2019,3.0,4.0,3.0,1.0,5.0,4,yes,,Boeing 787-9
Couple Leisure,Economy Class,London Heathrow to Houston,April 2019,5.0,5.0,5.0,4.0,4.0,4,yes,,Boeing 747
Business,Business Class,Larnaca to London,March 2019,1.0,4.0,4.0,,3.0,1,no,,A320
Solo Leisure,Economy Class,Zurich to London,April 2019,4.0,1.0,1.0,,3.0,2,no,,
Solo Leisure,Economy Class,London to Pisa,April 2019,5.0,4.0,2.0,,3.0,3,yes,,
Couple Leisure,First Class,London to Tokyo Narita,November 2018,5.0,5.0,5.0,5.0,5.0,5,yes,,Boeing 787-9
Couple Leisure,Business Class,Bridgetown to Gatwick,March 2019,4.0,1.0,2.0,,4.0,1,no,,
Couple Leisure,Economy Class,St Lucia to Gatwick,April 2019,1.0,2.0,1.0,1.0,1.0,1,no,,777
Solo Leisure,Economy Class,Chicago to London,April 2019,1.0,1.0,1.0,,1.0,1,no,,A380
Family Leisure,Economy Class,London to Bangalore,September 2018,3.0,1.0,1.0,,2.0,3,no,,
Solo Leisure,Economy Class,Hamburg to Abu Dhabi via Heathrow,April 2019,1.0,3.0,2.0,,3.0,4,no,,A320/B788
Couple Leisure,Economy Class,London to Seville,March 2019,,,,,4.0,4,yes,,
Family Leisure,Business Class,Doha to Paris via London,March 2019,5.0,4.0,2.0,2.0,4.0,3,yes,,Boeing 787-9 / A319
Couple Leisure,Business Class,Madrid to London,March 2019,3.0,5.0,5.0,,4.0,4,yes,,A320 Neo
Couple Leisure,Economy Class,Tokyo to London,March 2019,2.0,3.0,1.0,2.0,3.0,2,no,,
Solo Leisure,Economy Class,London to Vancouver ,March 2019,3.0,5.0,4.0,4.0,4.0,4,yes,,Boeing 747-400
Solo Leisure,First Class,London to Mumbai ,March 2019,4.0,5.0,2.0,3.0,4.0,4,yes,,Boeing 777
Business,First Class,London to Chicago ,March 2019,2.0,2.0,1.0,1.0,2.0,2,no,,Boeing 777
Solo Leisure,Economy Class,Leeds Bradford to Las Vegas via Heathrow,September 2018,3.0,5.0,3.0,4.0,5.0,3,yes,,
Solo Leisure,First Class,Dallas to London Heathrow,March 2019,2.0,1.0,3.0,3.0,3.0,1,no,,
Couple Leisure,Economy Class,Tenerife to Heathrow,March 2019,1.0,4.0,1.0,,2.0,1,no,,
Business,Economy Class,London Heathrow to Larnaca Cyprus,March 2019,2.0,3.0,1.0,,1.0,1,no,,A320
Couple Leisure,Business Class,Los Angeles to London,March 2019,4.0,5.0,5.0,5.0,4.0,5,yes,,Boeing 787
Solo Leisure,Economy Class,London to Phoenix,March 2019,2.0,5.0,5.0,5.0,1.0,2,no,,
Business,Business Class,San Francisco to London,April 2018,,,,,,1,no,,
Solo Leisure,Economy Class,Rome to London,March 2019,5.0,4.0,1.0,,5.0,5,yes,,A321
Business,Economy Class,Cologne to Gatwick,March 2019,3.0,2.0,,,1.0,2,no,,A319
Couple Leisure,Economy Class,Tampa to Gatwick,March 2019,2.0,2.0,2.0,2.0,1.0,1,no,,Boeing 777
Business,Economy Class,London Heathrow to Madrid ,March 2019,5.0,5.0,,,5.0,5,yes,,A320
Couple Leisure,Business Class,Gatwick to St Lucia,February 2019,2.0,1.0,1.0,1.0,3.0,1,no,1.0,Boeing 777
Business,Economy Class,London to Austin,February 2019,4.0,5.0,3.0,4.0,5.0,4,yes,,Boeing 777
Family Leisure,Business Class,London to Pisa,March 2019,1.0,4.0,2.0,,3.0,1,no,,A320
Couple Leisure,Economy Class,Edinburgh to Boston via London,March 2019,1.0,2.0,1.0,1.0,1.0,1,no,,B777
Couple Leisure,Economy Class,Gatwick to Mauritius,February 2019,1.0,3.0,2.0,1.0,2.0,2,no,,Boeing 777
Family Leisure,Economy Class,Heathrow to New York,February 2019,4.0,5.0,5.0,3.0,5.0,5,yes,,
Solo Leisure,Economy Class,Gatwick to Cape Town,February 2019,1.0,4.0,1.0,1.0,4.0,3,no,,
Business,Business Class,New York to Venice via London,February 2019,1.0,2.0,1.0,4.0,1.0,1,no,2.0,
Business,Business Class,Chicago to London Heathrow,February 2019,1.0,1.0,1.0,1.0,1.0,1,no,1.0,B747-400
Business,First Class,London to Chicago,February 2019,1.0,2.0,1.0,1.0,1.0,1,no,1.0,Boeing 747-400
Family Leisure,Economy Class,Prague to London Heathrow,February 2019,3.0,1.0,,,3.0,2,no,,
Solo Leisure,Economy Class,London City to Florence,February 2019,,,,,1.0,2,no,,
Business,Business Class,London to Johannesburg,December 2018,2.0,1.0,1.0,3.0,4.0,1,no,,A380
Business,Economy Class,Doha to London Heathrow,February 2019,3.0,3.0,3.0,2.0,3.0,3,yes,2.0,Boeing 787-9
Solo Leisure,Premium Economy,Miami to Tel Aviv via London,October 2018,5.0,5.0,5.0,5.0,5.0,5,yes,5.0,
Business,Premium Economy,London to Seoul,February 2019,5.0,4.0,3.0,3.0,2.0,4,yes,,Boeing 787-9
Family Leisure,Premium Economy,London to New York JFK,February 2019,4.0,5.0,4.0,5.0,5.0,4,yes,3.0,Boeing 747-400
Couple Leisure,Business Class,San Diego to London,February 2019,4.0,1.0,2.0,,4.0,2,no,,
Business,Business Class,Gatwick to St Lucia,February 2019,4.0,4.0,4.0,4.0,3.0,3,yes,,Boeing 777
Solo Leisure,Economy Class,London to Chennai,March 2018,5.0,5.0,5.0,5.0,5.0,5,yes,5.0,
Business,Economy Class,London to Tampa,January 2019,4.0,4.0,4.0,5.0,1.0,2,no,,
Couple Leisure,Economy Class,Baltimore to London Heathrow,February 2019,1.0,1.0,1.0,1.0,2.0,2,no,,Boeing 787
Solo Leisure,First Class, Bridgetown to Gatwick,November 2018,2.0,4.0,3.0,3.0,3.0,1,no,1.0,
Couple Leisure,Economy Class,London to Athens,December 2018,3.0,5.0,1.0,1.0,1.0,2,no,1.0,A320
Solo Leisure,Economy Class,Amsterdam to London,February 2019,2.0,1.0,1.0,,2.0,1,no,,
Couple Leisure,Premium Economy,New Orleans to London,September 2018,5.0,4.0,5.0,5.0,4.0,5,yes,,Boeing 787
Couple Leisure,Business Class,Tokyo Narita to London Heathrow,January 2019,4.0,3.0,5.0,5.0,5.0,4,yes,,Boeing 787-9
Couple Leisure,First Class,London to Tokyo Haneda,January 2019,5.0,5.0,5.0,5.0,5.0,4,yes,,Boeing 777
Solo Leisure,Economy Class,London to Billund,February 2019,5.0,5.0,,,5.0,5,yes,,
Business,Premium Economy,San Diego to Frankfurt via London,February 2019,3.0,3.0,3.0,1.0,1.0,2,no,3.0,
Couple Leisure,Economy Class,Edinburgh to London Gatwick,January 2019,3.0,4.0,,,5.0,4,yes,,A320
Business,Business Class,Geneva to Philadelphia via London,February 2019,2.0,3.0,1.0,1.0,1.0,1,no,,
Family Leisure,Economy Class,London Heathrow to Paris CDG,November 2018,3.0,4.0,4.0,2.0,4.0,4,yes,1.0,A320
Family Leisure,Business Class,Johannesburg to London,February 2019,3.0,3.0,3.0,4.0,3.0,3,yes,4.0,A380
Solo Leisure,Economy Class,Edinburgh to Bangalore via Heathrow,February 2019,3.0,1.0,3.0,1.0,1.0,1,no,1.0,
Solo Leisure,Economy Class,Berlin to Johannesburg via London,March 2018,3.0,3.0,2.0,3.0,4.0,4,yes,,A380 / A319
Family Leisure,Economy Class,New York JFK to London Heathrow,August 2018,3.0,4.0,3.0,2.0,3.0,3,yes,1.0,Boeing 777
Business,Economy Class,London to Milan ,November 2018,3.0,4.0,2.0,,4.0,2,no,1.0,
Couple Leisure,Economy Class,New York to London via Geneva,January 2019,2.0,1.0,4.0,3.0,4.0,2,no,,
Couple Leisure,First Class,Johannesburg to London ,January 2019,4.0,3.0,3.0,3.0,3.0,3,yes,3.0,A380
Couple Leisure,Business Class,London to Johannesburg ,January 2019,3.0,4.0,4.0,3.0,3.0,3,yes,,A380
Family Leisure,Business Class,London to Johannesburg,January 2019,4.0,5.0,4.0,5.0,4.0,4,yes,4.0,A380
Business,Business Class,London to Dublin,January 2019,5.0,5.0,5.0,,2.0,5,yes,,A320
Couple Leisure,Premium Economy,Bermuda to Gatwick,January 2019,1.0,1.0,1.0,1.0,3.0,1,no,1.0,Boeing 777
Business,Business Class,Kuala Lumpur to Miami via London,January 2019,2.0,2.0,1.0,,2.0,3,no,,
Solo Leisure,Economy Class,Zurich to Heathrow,January 2019,1.0,4.0,,1.0,1.0,2,no,1.0,A321-200
Solo Leisure,Premium Economy,Miami to London,January 2019,3.0,4.0,1.0,3.0,3.0,3,no,3.0,A380
Solo Leisure,Economy Class,Copenhagen to Amsterdam via London Heathrow,February 2018,5.0,5.0,,,2.0,5,yes,,A321
Couple Leisure,Premium Economy,Antigua to Gatwick,January 2019,1.0,2.0,2.0,3.0,4.0,1,no,,Boeing 777-200
Solo Leisure,Economy Class,Bucharest to London Heathrow to Los Angeles,January 2019,1.0,5.0,2.0,1.0,5.0,1,no,1.0,Boeing 787
Business,Business Class,London to Miami,January 2019,1.0,2.0,1.0,1.0,3.0,1,no,,Boeing 747
Business,Premium Economy,London to Calgary,June 2018,3.0,3.0,3.0,4.0,4.0,2,yes,3.0,Boeing 787 Dreamliner
Business,Premium Economy,Calgary to London,June 2018,3.0,4.0,3.0,3.0,3.0,2,no,3.0,Boeing 787
Business,Premium Economy,Bangalore to London,January 2019,2.0,2.0,2.0,1.0,2.0,1,no,,Boeing 777-200
Solo Leisure,Economy Class,Barcelona to New York via London,November 2018,2.0,2.0,1.0,2.0,1.0,1,no,,
Solo Leisure,Economy Class,Gatwick to Fort Lauderdale,December 2018,2.0,3.0,3.0,,3.0,2,no,,
Couple Leisure,Economy Class,London to Bologna,December 2018,3.0,4.0,,,1.0,1,no,,
Couple Leisure,Economy Class,Venice to London City,October 2018,5.0,5.0,4.0,,5.0,5,yes,,
Couple Leisure,Economy Class,San Francisco to London,January 2019,1.0,1.0,1.0,1.0,1.0,1,no,,777
Solo Leisure,Economy Class,Heathrow to Vancouver,October 2018,4.0,4.0,3.0,2.0,4.0,1,no,,Boeing 747
Solo Leisure,Economy Class,London to Bucharest,January 2019,1.0,4.0,1.0,1.0,5.0,3,no,,A320
Business,Economy Class,Stuttgart to London,October 2018,1.0,1.0,,,1.0,1,no,,A319
Couple Leisure,Economy Class,London to Boston,December 2018,1.0,5.0,4.0,4.0,4.0,4,yes,,Boeing 777-200
Couple Leisure,Economy Class,Boston to London,December 2018,2.0,3.0,5.0,5.0,4.0,4,yes,,Boeing 747-400
Couple Leisure,Economy Class,London to Athens,December 2018,4.0,1.0,,,2.0,4,no,,Airbus A320
Couple Leisure,Economy Class,London to Johannesburg,January 2019,5.0,5.0,5.0,5.0,5.0,5,yes,,A380
Solo Leisure,Premium Economy,Newark to Bangalore via London,December 2018,4.0,4.0,4.0,4.0,4.0,3,yes,,Boeing 787-9 / 777 
Solo Leisure,Economy Class,London to Berlin,December 2018,,,,,1.0,3,no,,
Solo Leisure,Economy Class,London to Mumbai,December 2018,5.0,5.0,5.0,3.0,5.0,4,yes,,Boeing 777
Solo Leisure,Premium Economy,Athens to Los Angeles via London,December 2018,2.0,4.0,3.0,2.0,2.0,1,no,,
Family Leisure,Economy Class,Heathrow to Sydney via Singapore,December 2018,1.0,3.0,2.0,1.0,2.0,2,no,1.0,Boeing 777
Solo Leisure,Economy Class,Leeds Bradford to London Heathrow,December 2018,3.0,5.0,,,5.0,4,yes,,A319
Solo Leisure,Economy Class,Gatwick to Tenerife,December 2018,1.0,3.0,4.0,,5.0,3,no,,A320
Couple Leisure,Premium Economy,Denver to Paris via London,December 2018,,,,,,1,no,,
Couple Leisure,Business Class,Johannesburg to London,November 2018,1.0,1.0,1.0,3.0,2.0,1,no,,A380
Solo Leisure,Economy Class,London to Kuala Lumpur,December 2018,1.0,4.0,3.0,1.0,5.0,1,no,,Boeing 787
Solo Leisure,Economy Class,Los Angeles to London Heathrow,December 2018,2.0,2.0,1.0,4.0,1.0,2,no,,Boeing 747
Business,Economy Class,Seattle to London,November 2018,,,,,,1,no,,
Couple Leisure,First Class,Gatwick to Barbados,December 2018,2.0,5.0,2.0,2.0,3.0,3,no,,Boeing 777-200
Solo Leisure,First Class,Moscow to London,December 2018,5.0,5.0,5.0,5.0,5.0,5,yes,,Boeing 787-9
Solo Leisure,Economy Class,Johannesburg to London ,December 2018,3.0,2.0,3.0,2.0,3.0,3,no,,
Couple Leisure,Business Class,Bridgetown to Gatwick,December 2018,1.0,1.0,2.0,,2.0,1,no,,Boeing 777
Couple Leisure,Economy Class,Glasgow to New York via London,December 2018,4.0,5.0,5.0,5.0,4.0,4,yes,2.0,A319 / Boeing 777
Business,Business Class,Sydney to London via Singapore,December 2018,1.0,1.0,1.0,1.0,2.0,1,no,,Boeing 777
Couple Leisure,First Class,Johannesburg to London,December 2018,4.0,3.0,3.0,2.0,3.0,3,no,,A380
Business,Business Class,Antigua to Gatwick,December 2018,2.0,1.0,1.0,,3.0,2,no,,Boeing 777
Couple Leisure,First Class,Gatwick to Barbados,December 2018,2.0,2.0,2.0,1.0,1.0,1,no,,Boeing 777
Couple Leisure,Business Class,Cape Town to London,November 2018,2.0,1.0,1.0,3.0,3.0,1,no,,Boeing 747-400
Couple Leisure,Economy Class,Bucharest to London,December 2018,1.0,1.0,,,1.0,1,no,,A320
Business,Economy Class,Kuala Lumpur to Mexico City via London,December 2018,4.0,5.0,4.0,4.0,5.0,5,yes,3.0,
Family Leisure,Economy Class,Miami to London,December 2018,1.0,1.0,1.0,1.0,3.0,1,no,,Boeing 747-400
Solo Leisure,Premium Economy,London Gatwick to Tampa,November 2018,5.0,5.0,5.0,3.0,5.0,5,yes,,
Couple Leisure,Economy Class,Bordeaux to London Gatwick,July 2018,3.0,2.0,,,1.0,1,no,,
Family Leisure,Economy Class,Los Angeles to Rome via London,October 2018,,,,,,1,no,,
Family Leisure,Economy Class,Gatwick to Las Vegas,December 2018,3.0,4.0,4.0,1.0,4.0,4,yes,3.0,
Couple Leisure,Premium Economy,Nassau to London,November 2018,2.0,3.0,1.0,1.0,3.0,1,no,,Boeing 777
Business,Business Class,Phoenix to Accra via London,November 2018,5.0,5.0,5.0,3.0,5.0,5,yes,,Boeing 747
Solo Leisure,Economy Class,Manchester to London,November 2018,3.0,1.0,,,1.0,2,no,,
Solo Leisure,Economy Class,San Diego to Hannover via London,November 2018,2.0,4.0,4.0,4.0,2.0,2,no,,Boeing 777
Business,Economy Class,London Heathrow to Stuttgart,November 2018,1.0,,,,1.0,1,no,,
Couple Leisure,First Class,London to Johannesburg,November 2018,5.0,5.0,5.0,4.0,4.0,4,yes,,A380
Business,Business Class,London to Dubai,November 2018,4.0,5.0,4.0,1.0,4.0,1,no,1.0,
Family Leisure,Economy Class,Vancouver to London Heathrow,November 2018,5.0,5.0,4.0,2.0,5.0,4,yes,,Boeing 747-400
Solo Leisure,Economy Class,Boston to Nairobi via London,October 2018,3.0,1.0,1.0,,3.0,3,no,,
Solo Leisure,Premium Economy,Basel to San Fransisco via Heathrow,November 2018,2.0,3.0,2.0,3.0,5.0,2,no,,Boeing 747
Solo Leisure,Economy Class,London to Lyon,November 2018,2.0,1.0,,,1.0,1,no,,
Business,Economy Class,London to Boston,November 2018,3.0,5.0,4.0,4.0,4.0,5,yes,1.0,
Solo Leisure,Business Class,Stockholm to London,November 2018,3.0,5.0,2.0,,1.0,3,yes,,A320
Business,Economy Class,Amsterdam to London,November 2018,4.0,4.0,,,1.0,3,no,,
Couple Leisure,Economy Class,Buenos Aires to London,November 2018,1.0,2.0,1.0,1.0,1.0,1,no,,Boeing 777-200
Business,Business Class,Riyadh to London,November 2018,1.0,2.0,2.0,3.0,3.0,1,no,,Boeing 777
Solo Leisure,Economy Class,Aberdeen to London,November 2018,,,,,1.0,1,no,,A319
Family Leisure,Economy Class,Singapore to Sydney,November 2018,1.0,1.0,1.0,1.0,1.0,1,no,1.0,
Family Leisure,Economy Class,London to Budapest,November 2018,5.0,1.0,,,5.0,5,no,,A320
Solo Leisure,Economy Class,London to Athens,October 2018,4.0,3.0,2.0,2.0,3.0,3,yes,1.0,A321
Solo Leisure,Business Class,London to Bangkok,October 2018,3.0,3.0,2.0,1.0,3.0,2,no,1.0,Boeing 777-200
Solo Leisure,Economy Class,Abu Dhabi to London,October 2018,2.0,1.0,1.0,1.0,3.0,3,no,1.0,A340-300
Business,Business Class,Gatwick to Orlando,October 2018,1.0,2.0,3.0,1.0,2.0,1,no,1.0,Boeing 777
Solo Leisure,Business Class,Newcastle to Las Vegas via London,October 2018,4.0,4.0,4.0,3.0,4.0,5,yes,,A319 / Boeing 747
Solo Leisure,Economy Class,St Petersburg to London,October 2018,5.0,5.0,3.0,,5.0,3,yes,,A320
Business,Business Class,London to Philadelphia,October 2018,1.0,1.0,2.0,3.0,2.0,1,no,,Boeing 787-9
Business,Business Class,Madrid to London,October 2018,4.0,5.0,4.0,,4.0,4,yes,,Boeing 777-200
Family Leisure,Economy Class,London to Munich,October 2018,2.0,3.0,,,3.0,3,yes,,A321
Couple Leisure,Economy Class,London to Cape Town,October 2018,2.0,1.0,2.0,,1.0,1,no,,Boeing 747-400
Family Leisure,Economy Class,Munich to London Heathrow,October 2018,2.0,4.0,,,5.0,3,yes,,A321
Solo Leisure,First Class,Manchester to Philadelphia via London,October 2018,5.0,5.0,4.0,4.0,5.0,5,yes,,A319 / Boeing 747-400
Business,Economy Class,Bangkok to London,October 2018,3.0,2.0,2.0,3.0,1.0,2,no,,Boieng 777-200
Solo Leisure,Economy Class,London to Toronto,October 2018,1.0,3.0,3.0,2.0,2.0,1,no,,Boeing 777
Business,Economy Class,London to Vienna,October 2018,2.0,3.0,,,2.0,2,no,,A320
Business,Business Class,Johannesburg to London,October 2018,2.0,2.0,1.0,1.0,4.0,2,no,,A380
Solo Leisure,Business Class,Singapore to London Heathrow,September 2018,4.0,5.0,3.0,2.0,3.0,3,yes,,Boeing 777-300ER
Couple Leisure,Business Class,London to Los Angeles,August 2018,1.0,1.0,1.0,1.0,3.0,3,no,1.0,Boeing 747-400
Solo Leisure,Premium Economy,Miami to London Heathrow,September 2018,1.0,5.0,3.0,2.0,1.0,2,no,,Boeing 747
Couple Leisure,Business Class,London Heathrow to Milan Malpensa,October 2018,1.0,1.0,1.0,1.0,1.0,1,no,1.0,
Couple Leisure,First Class,Calgary to Rome via London,September 2018,4.0,1.0,1.0,,1.0,1,no,,
Solo Leisure,Economy Class,London to Bangkok,March 2018,1.0,3.0,2.0,1.0,4.0,1,no,,
Family Leisure,Economy Class,London Heathrow to Miami,August 2018,5.0,5.0,5.0,4.0,4.0,5,yes,,Boeing 747-400
Solo Leisure,Economy Class,London to Singapore,September 2018,5.0,5.0,5.0,4.0,4.0,5,yes,,A380
Solo Leisure,Economy Class,Dublin to London,September 2018,1.0,1.0,,,1.0,1,no,,
Family Leisure,Business Class,London to Pisa,September 2018,1.0,4.0,4.0,,4.0,1,no,,A321
Family Leisure,Economy Class,Prague to Heathrow,August 2018,1.0,3.0,,,1.0,1,no,,
Business,Premium Economy,Kuala Lumpur to London Heathrow,September 2018,3.0,4.0,3.0,3.0,5.0,4,yes,,"Boeing 787-9, A380"
Couple Leisure,Business Class,Los Angeles to Leeds via London Heathrow ,June 2018,4.0,4.0,4.0,3.0,1.0,3,no,2.0,A319
Couple Leisure,Business Class,Brindisi to London,September 2018,1.0,2.0,2.0,,1.0,2,no,,A320
Couple Leisure,Premium Economy,Chicago to London,September 2018,1.0,1.0,1.0,1.0,3.0,1,no,,A380
Family Leisure,Economy Class,Berlin to London,September 2018,2.0,2.0,,,2.0,1,no,,
Solo Leisure,Premium Economy,Riyadh to London ,August 2018,5.0,5.0,5.0,4.0,3.0,5,yes,,Boeing 777
Couple Leisure,Economy Class,Rome to Newark via London,September 2018,4.0,4.0,3.0,3.0,4.0,3,yes,,A320 / Boeing 787-9
Business,Business Class,London Heathrow to New York JFK,September 2018,3.0,4.0,2.0,3.0,1.0,3,no,5.0,Boeing 747-400
Couple Leisure,First Class,London Heathrow to Dubai,September 2018,4.0,5.0,5.0,3.0,4.0,4,yes,2.0,Boeing 777-200
Couple Leisure,Economy Class,Heraklion to Gatwick,September 2018,2.0,2.0,,,1.0,1,no,,A320
Solo Leisure,Business Class,Madrid to London Heathrow,September 2018,3.0,5.0,5.0,,5.0,5,yes,,Boeing 767
Couple Leisure,Business Class,London Heathrow to Brindisi,September 2018,2.0,3.0,2.0,,2.0,3,no,,A321
Business,Economy Class,London to Madrid,July 2018,2.0,3.0,1.0,,2.0,2,no,,A320
Couple Leisure,Economy Class,Hamburg to London,September 2018,3.0,1.0,,,1.0,3,no,,
Solo Leisure,Premium Economy,Glasgow to Miami via London,August 2018,3.0,5.0,5.0,2.0,4.0,4,yes,,Boeing 747
Solo Leisure,Economy Class,London Heathrow to Budapest,August 2018,5.0,5.0,,,4.0,4,yes,,Airbus A32
Solo Leisure,Economy Class,Budapest to London Heathrow,September 2018,4.0,4.0,,,5.0,4,yes,,A320
Family Leisure,Business Class,Pisa to Toronto via London,September 2018,4.0,5.0,5.0,4.0,5.0,5,yes,,A319 / Boeing 787-9
Business,Business Class,Madrid to Heathrow,August 2018,1.0,1.0,2.0,,2.0,2,no,,
Solo Leisure,Economy Class,Singapore to London,August 2018,1.0,1.0,3.0,3.0,2.0,1,no,,
Solo Leisure,Economy Class,Washington to Frankfurt via London,August 2018,3.0,3.0,2.0,1.0,4.0,2,no,,Boeing 747-400 / A319
Family Leisure,Economy Class,Rome to London,August 2018,3.0,3.0,,,3.0,2,no,,
Solo Leisure,Economy Class,London Heathrow to Hong Kong,August 2018,5.0,5.0,3.0,5.0,4.0,3,yes,,A380
Solo Leisure,Economy Class,London Heathrow to Düsseldorf,August 2018,5.0,4.0,,,5.0,4,yes,,A318
Couple Leisure,Business Class,London to Athens,August 2018,1.0,3.0,2.0,1.0,2.0,3,no,1.0,A320
Family Leisure,First Class,London Heathrow to Singapore,July 2018,5.0,5.0,5.0,4.0,5.0,5,yes,,A380
Couple Leisure,Premium Economy,Philadelphia to London,August 2018,3.0,1.0,1.0,3.0,4.0,3,no,,Boeing 787
Family Leisure,Economy Class,London to Las Vegas,July 2018,1.0,1.0,1.0,1.0,1.0,1,no,,Boeing 747-400
Business,Business Class,Zagreb to London,August 2018,2.0,2.0,1.0,,2.0,2,no,,
Family Leisure,Business Class,Los Angeles to Milan via London,August 2018,4.0,3.0,3.0,3.0,1.0,1,no,,A380
Solo Leisure,Premium Economy,Toronto to London,August 2018,3.0,5.0,2.0,2.0,4.0,3,yes,,Boeing 777
Couple Leisure,Business Class,San Francisco to London Heathrow,July 2018,4.0,5.0,4.0,1.0,4.0,4,no,,A380
Solo Leisure,Economy Class,London to Dublin,August 2018,5.0,5.0,2.0,,4.0,3,yes,,
Couple Leisure,Economy Class,London to Paris,January 2018,3.0,5.0,5.0,,4.0,3,yes,,A321
Couple Leisure,Economy Class,Amsterdam to London,June 2018,3.0,5.0,4.0,,4.0,4,yes,,A320
Solo Leisure,First Class,New York JFK to London,August 2018,4.0,5.0,3.0,,5.0,4,no,,Boeing 777
Couple Leisure,Economy Class,Amman to London,April 2018,2.0,1.0,1.0,1.0,1.0,1,no,,
Couple Leisure,Business Class,Paphos to Gatwick,July 2018,3.0,5.0,3.0,,1.0,3,no,,A320
Couple Leisure,Business Class,Gatwick to Paphos,July 2018,3.0,5.0,4.0,,4.0,4,yes,,A320
Family Leisure,Business Class,New York to Nairobi via London,July 2018,2.0,5.0,2.0,2.0,2.0,2,no,,Boeing 747-400
Business,Economy Class,Istanbul to London Heathrow,July 2018,1.0,1.0,,1.0,1.0,1,no,,
Family Leisure,Economy Class,Heathrow to Milan,July 2018,3.0,2.0,,,1.0,1,no,,
Business,Premium Economy,London to Santiago de Chile,July 2018,4.0,5.0,4.0,4.0,4.0,5,yes,,Boeing 787-9
Couple Leisure,Business Class,London Heathrow to Seattle Tacoma,July 2018,4.0,4.0,4.0,2.0,4.0,4,no,,Boeing 777
Family Leisure,Economy Class,London Gatwick to Tirana Rinas,July 2018,4.0,4.0,3.0,,5.0,3,yes,,A320-200
Couple Leisure,Economy Class,London to Murcia ,July 2018,5.0,5.0,5.0,,3.0,5,yes,,A320
Solo Leisure,Business Class,London to Amsterdam,July 2018,3.0,4.0,3.0,,1.0,1,no,,A321
Family Leisure,Economy Class,Aberdeen to Abu Dhabi via London,July 2018,3.0,1.0,1.0,4.0,1.0,3,no,,Boeing 777
Solo Leisure,Economy Class,Prague to Denver via London,June 2018,3.0,5.0,5.0,3.0,1.0,2,no,,A320 / Boeing 747-400
Couple Leisure,Economy Class,Seville to Gatwick,July 2018,2.0,1.0,1.0,,1.0,3,no,,A319
Solo Leisure,Economy Class,London to Amsterdam,July 2018,1.0,1.0,,,1.0,1,no,,
Couple Leisure,Business Class,Gatwick to Barcelona ,July 2018,1.0,3.0,1.0,,4.0,1,no,,
Business,Premium Economy,HKG to LHR,June 2018,4.0,5.0,4.0,5.0,5.0,4,yes,3.0,Boeing 777 / A380
Solo Leisure,Business Class,Faro to Gatwick,July 2018,3.0,2.0,4.0,,3.0,4,yes,,A320
Solo Leisure,Business Class,Gatwick to Faro,July 2018,3.0,4.0,3.0,,5.0,4,yes,,A320
Solo Leisure,First Class,Jeddah to Chicago via London,May 2018,4.0,5.0,4.0,5.0,1.0,5,no,4.0,Boeing 787-9 / A380-800
Business,Business Class,London to Frankfurt,July 2018,1.0,1.0,1.0,,1.0,1,no,,
Solo Leisure,Business Class,Gatwick to Malaga,July 2018,4.0,5.0,5.0,,3.0,5,yes,,A321
Couple Leisure,Business Class,Bermuda to Gatwick,May 2018,4.0,3.0,1.0,4.0,4.0,2,yes,,Boeing 777-200
Business,Economy Class,Aberdeen to Boston via London,July 2018,2.0,4.0,4.0,5.0,4.0,3,yes,4.0,
Solo Leisure,Economy Class,London to Hamburg,June 2018,4.0,3.0,,,5.0,3,yes,,A319
Family Leisure,Premium Economy,London Heathrow to Hong Kong,July 2018,3.0,3.0,2.0,3.0,1.0,2,no,2.0,
Couple Leisure,Economy Class,London to Istanbul,June 2018,3.0,3.0,1.0,1.0,1.0,2,no,,
Solo Leisure,Economy Class,Munich to London Heathrow,July 2018,4.0,4.0,2.0,,5.0,3,yes,,A320
Couple Leisure,Business Class,Edinburgh-Florence ,July 2018,4.0,5.0,5.0,,5.0,5,yes,,
Solo Leisure,Economy Class,London Heathrow to Manchester,July 2018,1.0,1.0,1.0,1.0,1.0,1,no,1.0,
Couple Leisure,Economy Class,London to Madrid,July 2018,1.0,,,,1.0,1,no,,
Business,Business Class,London to Shanghai,June 2018,1.0,5.0,4.0,2.0,2.0,3,no,,Boeing 777
Family Leisure,Economy Class,London to Tehran,August 2017,1.0,1.0,1.0,,4.0,1,no,,Boeing 777
